0,1,predictions,truth
0.5684016386630902,0.43159836133690965,0,0
0.5381128696244376,0.46188713037556234,0,0
0.5748873517564871,0.42511264824351297,0,0
0.5700002583737203,0.42999974162627985,0,0
0.5426657596993956,0.45733424030060443,0,0
0.5653714114203697,0.4346285885796304,0,0
0.5652366285789453,0.43476337142105476,0,0
0.5713527926336555,0.42864720736634454,0,0
0.5474621415473054,0.4525378584526946,0,0
0.5665573673952596,0.4334426326047405,0,0
0.5596586884163182,0.440341311583682,0,0
0.5659918997301597,0.43400810026984027,0,0
0.5623289173532792,0.43767108264672094,0,0
0.5640075828139756,0.43599241718602444,0,0
0.5707185704770393,0.42928142952296067,0,0
0.570825044952148,0.42917495504785197,0,0
0.5734600134168893,0.4265399865831109,0,0
0.5712634635059578,0.4287365364940422,0,0
0.5663449372618767,0.43365506273812326,0,0
0.544106769257355,0.4558932307426451,0,0
0.5663610277124074,0.4336389722875927,0,0
0.5516899768001802,0.44831002319981994,0,0
0.5660218807204724,0.43397811927952756,0,0
0.5666510371598686,0.43334896284013136,0,0
0.5623621555575906,0.43763784444240933,0,0
0.5681960080718891,0.431803991928111,0,0
0.567545516603689,0.4324544833963111,0,0
0.5724724981720792,0.4275275018279208,0,0
0.5754037431171214,0.4245962568828786,0,0
0.5560724389745273,0.44392756102547265,0,0
0.525141632098048,0.474858367901952,0,0
0.5761677492470321,0.423832250752968,0,0
0.5693151731209507,0.4306848268790494,0,0
0.5684620156563136,0.4315379843436864,0,0
0.5725130348824267,0.42748696511757345,0,0
0.5677393336253654,0.4322606663746346,0,0
0.5605611883695027,0.4394388116304973,0,0
0.5593274156936711,0.440672584306329,0,0
0.5702297793174451,0.42977022068255494,0,0
0.5765667290895752,0.42343327091042493,0,0
0.5679417375986997,0.4320582624013002,0,0
0.5637554094977189,0.43624459050228115,0,0
0.5686104265739855,0.4313895734260146,0,0
0.5538149258247991,0.44618507417520104,0,0
0.5549414541933039,0.4450585458066962,0,0
0.567955306457756,0.4320446935422439,0,0
0.576143599255423,0.4238564007445771,0,0
0.5746544603958873,0.4253455396041126,0,0
0.5675516580923513,0.43244834190764886,0,0
0.568930040097423,0.431069959902577,0,0
0.5738399180941557,0.42616008190584415,0,0
0.5651607098989723,0.43483929010102784,0,0
0.5483039698808363,0.45169603011916387,0,0
0.5473493582055109,0.45265064179448933,0,0
0.5637757100954499,0.43622428990455014,0,0
0.5642813244842957,0.4357186755157046,0,0
0.5662038905846418,0.4337961094153583,0,0
0.5562903193640674,0.4437096806359327,0,0
0.5466645528573262,0.45333544714267404,0,0
0.5690482899524213,0.43095171004757876,0,0
0.5708295058828646,0.42917049411713537,0,0
0.5428212587737917,0.4571787412262083,0,0
0.5744869901344405,0.4255130098655596,0,0
0.5631001404619109,0.43689985953808913,0,0
0.5467552218769719,0.45324477812302816,0,0
0.5601667397384782,0.43983326026152175,0,0
0.5761214579092725,0.42387854209072745,0,0
0.5633740431429187,0.4366259568570814,0,0
0.5757385235539584,0.4242614764460415,0,0
0.5715771114578129,0.4284228885421872,0,0
0.5650513297401872,0.43494867025981293,0,0
0.5638661803117355,0.4361338196882645,0,0
0.5630097813773601,0.43699021862264004,0,0
0.569132147770233,0.4308678522297671,0,0
0.577056527888324,0.42294347211167616,0,0
0.5509010141815532,0.4490989858184468,0,0
0.5647491821166226,0.4352508178833775,0,0
0.5683381190957106,0.43166188090428936,0,0
0.5702822124095696,0.4297177875904304,0,0
0.5722089742026488,0.4277910257973511,0,0
0.5639256887612487,0.43607431123875134,0,0
0.5720280128394101,0.42797198716059,0,0
0.5647526927574528,0.43524730724254723,0,0
0.5717571574088928,0.4282428425911071,0,0
0.5683065350861105,0.4316934649138895,0,0
0.5767892571160698,0.42321074288393035,0,0
0.5750395244783831,0.42496047552161687,0,0
0.5714864465821079,0.42851355341789227,0,0
0.564996196263757,0.4350038037362431,0,0
0.5762359328038669,0.42376406719613313,0,0
0.5699735388680502,0.4300264611319498,0,0
0.572988002051173,0.427011997948827,0,0
0.5502103947955375,0.44978960520446276,0,0
0.5653351839467387,0.4346648160532613,0,0
0.5456508284093902,0.45434917159060983,0,0
0.5644120099401404,0.4355879900598596,0,0
0.5756876407358683,0.4243123592641318,0,0
0.5649850615000896,0.43501493849991035,0,0
0.5753390261506726,0.42466097384932755,0,0
0.576602519906419,0.42339748009358125,0,0
0.5720773347205066,0.42792266527949335,0,0
0.5537629293039791,0.44623707069602103,0,0
0.5698547467366697,0.4301452532633304,0,0
0.5658371235191316,0.43416287648086827,0,0
0.5681106224053881,0.43188937759461193,0,0
0.5659752906073189,0.4340247093926812,0,0
0.5305070340539101,0.4694929659460899,0,0
0.561775327324963,0.4382246726750371,0,0
0.5626550101863999,0.4373449898136001,0,0
0.5719582884377337,0.42804171156226645,0,0
0.5654023219200472,0.43459767807995275,0,0
0.5358701443207459,0.4641298556792542,0,0
0.5463204484668434,0.4536795515331567,0,0
0.5672519363449274,0.4327480636550726,0,0
0.5766760321098691,0.42332396789013116,0,0
0.5314543248065771,0.468545675193423,0,0
0.5651940398148743,0.43480596018512574,0,0
0.5684558829043975,0.43154411709560264,0,0
0.5748011900230467,0.42519880997695325,0,0
0.5730924524935787,0.42690754750642135,0,0
0.5746851323620252,0.42531486763797477,0,0
0.5742756419499278,0.42572435805007225,0,0
0.5733654060584318,0.42663459394156833,0,0
0.5682911855237485,0.43170881447625165,0,0
0.5300510998086001,0.4699489001914001,0,0
0.5710671009513518,0.4289328990486483,0,0
0.567215134189802,0.4327848658101981,0,0
0.5628470572089695,0.43715294279103045,0,0
0.5761975042452397,0.42380249575476014,0,0
0.5753360807458477,0.4246639192541522,0,0
0.5573541300728642,0.4426458699271357,0,0
0.5684382828363899,0.4315617171636101,0,0
0.5767722748137579,0.4232277251862423,0,0
0.5770370553409534,0.42296294465904644,0,0
0.5653878740119682,0.4346121259880317,0,0
0.5750603356940343,0.4249396643059658,0,0
0.5708675916743509,0.42913240832564914,0,0
0.5639104958705663,0.4360895041294338,0,0
0.5737740158769833,0.4262259841230168,0,0
0.5756995991485069,0.42430040085149306,0,0
0.572809942099353,0.4271900579006472,0,0
0.5661592729851657,0.43384072701483434,0,0
0.551158725432283,0.4488412745677171,0,0
0.5723329780964388,0.4276670219035613,0,0
0.565590479690034,0.43440952030996616,0,0
0.5716626513959164,0.4283373486040837,0,0
0.5768893961886087,0.42311060381139126,0,0
0.5641518837535607,0.4358481162464393,0,0
0.5449716775035031,0.45502832249649694,0,0
0.5353961698807207,0.46460383011927947,0,0
0.5700646491244266,0.42993535087557344,0,0
0.5752797079251939,0.42472029207480616,0,0
0.5765866163606869,0.42341338363931325,0,0
0.5762183239240458,0.4237816760759543,0,0
0.5717577687325227,0.4282422312674773,0,0
0.5647890651194619,0.435210934880538,0,0
0.5729674422995286,0.42703255770047144,0,0
0.5667611503999925,0.43323884960000736,0,0
0.5755738098688512,0.42442619013114874,0,0
0.5753993641571796,0.42460063584282043,0,0
0.5717277333502742,0.4282722666497258,0,0
0.5603851902062036,0.4396148097937966,0,0
0.5751392901596049,0.424860709840395,0,0
0.5769505145925315,0.4230494854074686,0,0
0.565463677869703,0.43453632213029697,0,0
0.5648780481434513,0.4351219518565487,0,0
0.5650238752465964,0.4349761247534037,0,0
0.561340284020145,0.43865971597985515,0,0
0.5684027847693804,0.4315972152306195,0,0
0.5726908897187771,0.42730911028122304,0,0
0.5546249397087892,0.4453750602912107,0,0
0.5569735746198119,0.4430264253801881,0,0
0.5734317125235606,0.4265682874764394,0,0
0.5633104899509709,0.4366895100490291,0,0
0.5738795345212553,0.42612046547874477,0,0
0.5391856753638034,0.4608143246361965,0,0
0.5600323422921974,0.4399676577078026,0,0
0.5645833042497991,0.43541669575020087,0,0
0.5653982371545939,0.4346017628454061,0,0
0.5653536108202367,0.4346463891797633,0,0
0.5762047744595488,0.42379522554045124,0,0
0.5554507152182937,0.44454928478170636,0,0
0.562488948634982,0.43751105136501794,0,0
0.566649222589713,0.43335077741028705,0,0
0.5742570273353633,0.4257429726646368,0,0
0.5426706571063479,0.4573293428936521,0,0
0.5460907692364472,0.4539092307635528,0,0
0.561667844437159,0.438332155562841,0,0
0.5748736646706541,0.42512633532934585,0,0
0.5755796400252986,0.42442035997470157,0,0
0.5635607092943372,0.43643929070566284,0,0
0.5691769250356146,0.43082307496438543,0,0
0.5676555782616707,0.4323444217383294,0,0
0.5724824214576881,0.427517578542312,0,0
0.5764117780527552,0.4235882219472448,0,0
0.573838895398944,0.4261611046010562,0,0
0.5690424678121111,0.430957532187889,0,0
0.5658065429252243,0.4341934570747758,0,0
0.5486932333533862,0.451306766646614,0,0
0.5652310164046274,0.4347689835953728,0,0
0.5619130199727502,0.4380869800272499,0,0
0.5737590784677653,0.42624092153223475,0,0
0.572404033168817,0.42759596683118295,0,0
0.5637399588073022,0.43626004119269784,0,0
0.5543501829905367,0.4456498170094634,0,0
0.567593464366256,0.4324065356337441,0,0
0.570599289974807,0.429400710025193,0,0
0.5645103427815186,0.4354896572184815,0,0
0.5672424185678447,0.4327575814321553,0,0
0.5722982584486449,0.4277017415513553,0,0
0.5730327324222977,0.4269672675777025,0,0
0.5680470258847949,0.4319529741152051,0,0
0.5194309607544215,0.4805690392455786,0,0
0.5710389851576843,0.4289610148423159,0,0
0.5248967236836102,0.47510327631638993,0,0
0.5702582354848671,0.42974176451513296,0,0
0.5529461358256552,0.44705386417434473,0,0
0.5763831587040994,0.42361684129590055,0,0
0.575226092267219,0.42477390773278106,0,0
0.5651868642860076,0.43481313571399227,0,0
0.5725094537361264,0.4274905462638735,0,0
0.565129199036891,0.43487080096310904,0,0
0.5752707083037549,0.4247292916962451,0,0
0.5629804703122834,0.4370195296877165,0,0
0.5755094952924266,0.42449050470757355,0,0
0.5545780088044715,0.44542199119552855,0,0
0.5718007081358185,0.42819929186418143,0,0
0.5739058371512433,0.4260941628487566,0,0
0.576106515233844,0.42389348476615585,0,0
0.5599819043016007,0.44001809569839945,0,0
0.5677404325641865,0.43225956743581356,0,0
0.5698976447985628,0.43010235520143725,0,0
0.5664582626022725,0.43354173739772756,0,0
0.5656598736984616,0.4343401263015384,0,0
0.575528705347121,0.42447129465287914,0,0
0.575953408430717,0.42404659156928315,0,0
0.5764407839009211,0.4235592160990788,0,0
0.5698023074174801,0.43019769258251983,0,0
0.5686764167610362,0.43132358323896397,0,0
0.5274765132189764,0.4725234867810236,0,0
0.5699405384049443,0.4300594615950558,0,0
0.55147309786106,0.4485269021389402,0,0
0.5758511386990676,0.42414886130093254,0,0
0.5677155430663149,0.4322844569336852,0,0
0.5686686036245405,0.4313313963754595,0,0
0.5634242078895239,0.43657579211047615,0,0
0.5665790333705202,0.4334209666294799,0,0
0.5540095938246866,0.4459904061753135,0,0
0.5679363348080966,0.4320636651919034,0,0
0.5648897043494686,0.4351102956505314,0,0
0.5676830759975506,0.43231692400244925,0,0
0.5731174369644337,0.4268825630355664,0,0
0.5762007059129269,0.4237992940870731,0,0
0.5549436485604524,0.4450563514395476,0,0
0.5539723664868064,0.4460276335131936,0,0
0.5659937131961513,0.43400628680384856,0,0
0.576255668982428,0.42374433101757214,0,0
0.5394175937010715,0.46058240629892855,0,0
0.572696867628298,0.4273031323717021,0,0
0.5676686196274467,0.43233138037255325,0,0
0.5576703164764893,0.4423296835235109,0,0
0.5617035799538804,0.4382964200461197,0,0
0.5755033901459838,0.42449660985401616,0,0
0.5762878068896687,0.4237121931103312,0,0
0.5658583733444061,0.4341416266555938,0,0
0.5663930179330944,0.4336069820669057,0,0
0.5745311666443738,0.42546883335562624,0,0
0.5672083034235221,0.432791696576478,0,0
0.5658022949280683,0.4341977050719316,0,0
0.5716651004973806,0.42833489950261944,0,0
0.5734055805058289,0.4265944194941712,0,0
0.5692804540474011,0.430719545952599,0,0
0.5659260669912066,0.4340739330087934,0,0
0.5749809051633202,0.4250190948366799,0,0
0.5758132935031333,0.42418670649686674,0,0
0.5761757062018696,0.42382429379813047,0,0
0.5638223113641625,0.4361776886358377,0,0
0.5709962426846784,0.42900375731532175,0,0
0.567718559555818,0.432281440444182,0,0
0.5746544603958873,0.4253455396041126,0,0
0.5569207382793477,0.4430792617206522,0,0
0.5638867405100942,0.43611325948990587,0,0
0.560705449515323,0.4392945504846771,0,0
0.5655529399558414,0.4344470600441586,0,0
0.5625602753255922,0.43743972467440795,0,0
0.570625971803226,0.4293740281967741,0,0
0.5639194412092544,0.4360805587907455,0,0
0.5630852788992347,0.43691472110076535,0,0
0.5702642688463018,0.4297357311536983,0,0
0.5496342988844177,0.4503657011155823,0,0
0.5763825113775234,0.4236174886224767,0,0
0.5750154618706371,0.424984538129363,0,0
0.5618422551822125,0.4381577448177875,0,0
0.5763583391468998,0.42364166085310023,0,0
0.575676575069334,0.4243234249306661,0,0
0.5758641522631597,0.4241358477368403,0,0
0.5617393167504979,0.43826068324950207,0,0
0.5753623123769808,0.4246376876230192,0,0
0.5533654772329974,0.44663452276700255,0,0
0.5575373977276555,0.44246260227234435,0,0
0.5442154682956253,0.45578453170437466,0,0
0.5619580072629902,0.4380419927370097,0,0
0.5331340902024632,0.4668659097975368,0,0
0.5513006122026736,0.4486993877973265,0,0
0.5719465626303503,0.4280534373696498,0,0
0.5613179873748086,0.4386820126251914,0,0
0.5316608012079914,0.4683391987920085,0,0
0.567283579500748,0.4327164204992519,0,0
0.5760771854938569,0.42392281450614316,0,0
0.5713623864776145,0.42863761352238544,0,0
0.5719190770025189,0.4280809229974811,0,0
0.5674480086022374,0.43255199139776257,0,0
0.5441457277163634,0.4558542722836367,0,0
0.5738490550865891,0.42615094491341104,0,0
0.57698180694644,0.42301819305356003,0,0
0.5754994412465403,0.4245005587534598,0,0
0.5761178586509511,0.42388214134904895,0,0
0.5687489365182137,0.4312510634817865,0,0
0.5660943765838765,0.4339056234161236,0,0
0.5584592667166669,0.4415407332833331,0,0
0.5726182606499644,0.42738173935003576,0,0
0.5709745790650038,0.42902542093499635,0,0
0.5664085979704824,0.4335914020295177,0,0
0.5674803515284547,0.43251964847154534,0,0
0.57698180694644,0.42301819305356003,0,0
0.5670322340015697,0.43296776599843034,0,0
0.5594990049898084,0.4405009950101917,0,0
0.571494309106221,0.428505690893779,0,0
0.5768424200280434,0.4231575799719565,0,0
0.560575392670411,0.43942460732958905,0,0
0.565228079479941,0.4347719205200591,0,0
0.576856826773951,0.423143173226049,0,0
0.5759199427068822,0.4240800572931178,0,0
0.5718331769054312,0.42816682309456877,0,0
0.5629064093468124,0.43709359065318776,0,0
0.5586743310588146,0.44132566894118547,0,0
0.5262179959635156,0.47378200403648435,0,0
0.5649616064585898,0.4350383935414102,0,0
0.5735963484538652,0.42640365154613474,0,0
0.5628763041414665,0.43712369585853367,0,0
0.5652521329964841,0.434747867003516,0,0
0.5642940384607942,0.4357059615392059,0,0
0.5718315303321528,0.42816846966784733,0,0
0.5619404301315342,0.4380595698684659,0,0
0.5722146730611798,0.42778532693882027,0,0
0.5351193682226331,0.464880631777367,0,0
0.5633509488833603,0.43664905111663965,0,0
0.5637440012018858,0.4362559987981143,0,0
0.5682810363644486,0.43171896363555146,0,0
0.5508692863677785,0.44913071363222157,0,0
0.5763265245028183,0.4236734754971817,0,0
0.5639067995540096,0.4360932004459905,0,0
0.5694385634042901,0.43056143659570983,0,0
0.5668479113439947,0.4331520886560053,0,0
0.5765993252043303,0.42340067479566973,0,0
0.5625100505125472,0.43748994948745296,0,0
0.5746602909140863,0.4253397090859136,0,0
0.5673676681062377,0.4326323318937623,0,0
0.5753728795232098,0.4246271204767903,0,0
0.5684790306879708,0.4315209693120293,0,0
0.5687728709106118,0.43122712908938804,0,0
0.553362606371885,0.446637393628115,0,0
0.5565304581534515,0.44346954184654847,0,0
0.5635498326840587,0.43645016731594133,0,0
0.5644524969371272,0.4355475030628728,0,0
0.5697531888067192,0.4302468111932809,0,0
0.5629828697247531,0.4370171302752469,0,0
0.5746439141608098,0.42535608583919016,0,0
0.5618343771135369,0.43816562288646316,0,0
0.5628892904832794,0.4371107095167206,0,0
0.5713430651152889,0.4286569348847112,0,0
0.5745164037218635,0.42548359627813653,0,0
0.5718338890025843,0.42816611099741575,0,0
0.5652047282854451,0.434795271714555,0,0
0.5737168284493954,0.4262831715506046,0,0
0.5755570600631733,0.42444293993682675,0,0
0.5556318421751769,0.4443681578248232,0,0
0.5760851759000991,0.4239148240999009,0,0
0.5680253422748865,0.43197465772511345,0,0
0.5281862611809109,0.4718137388190891,0,0
0.5736505847554942,0.42634941524450587,0,0
0.5294576461324407,0.4705423538675592,0,0
0.5760482287005835,0.4239517712994167,0,0
0.568283173221964,0.4317168267780361,0,0
0.5670381537623223,0.4329618462376778,0,0
0.521041651588201,0.478958348411799,0,0
0.5654443872845321,0.4345556127154679,0,0
0.5742237218220637,0.42577627817793623,0,0
0.5617134177135132,0.4382865822864867,0,0
0.5306590640562495,0.4693409359437505,0,0
0.5663568032369075,0.4336431967630925,0,0
0.5550408747854201,0.4449591252145801,0,0
0.5634559850882682,0.4365440149117319,0,0
0.5765002309043612,0.42349976909563886,0,0
0.575734172893339,0.4242658271066611,0,0
0.5732339911216691,0.42676600887833105,0,0
0.5651481379337451,0.4348518620662549,0,0
0.5736167330462536,0.42638326695374634,0,0
0.5630102596084543,0.4369897403915457,0,0
0.5703956891664347,0.4296043108335655,0,0
0.563707433363493,0.43629256663650684,0,0
0.572447378617315,0.4275526213826851,0,0
0.5668026254741388,0.43319737452586116,0,0
0.5761709272171112,0.423829072782889,0,0
0.5685230099376486,0.43147699006235146,0,0
0.569567794033248,0.430432205966752,0,0
0.5669495455761552,0.43305045442384493,0,0
0.5709096466422958,0.42909035335770424,0,0
0.5715908014493877,0.4284091985506124,0,0
0.5699702534220451,0.43002974657795495,0,0
0.5749588454743291,0.425041154525671,0,0
0.5679852795577202,0.4320147204422796,0,0
0.5739637264877873,0.4260362735122126,0,0
0.5715203637155339,0.4284796362844661,0,0
0.5514269670524565,0.4485730329475435,0,0
0.5583875796879646,0.44161242031203557,0,0
0.5739905893593915,0.4260094106406087,0,0
0.5682129257165658,0.43178707428343427,0,0
0.5387891581792178,0.4612108418207823,0,0
0.568961290872325,0.43103870912767495,0,0
0.5740421674326056,0.4259578325673944,0,0
0.5759676657146061,0.42403233428539394,0,0
0.5658819568975614,0.4341180431024387,0,0
0.5698447736590002,0.4301552263409998,0,0
0.567704921397032,0.43229507860296795,0,0
0.5197268874014873,0.4802731125985129,0,0
0.5434257374959034,0.45657426250409683,0,0
0.5704492049229605,0.4295507950770397,0,0
0.5593594552143883,0.4406405447856117,0,0
0.5723025323688785,0.4276974676311215,0,0
0.5660959768243017,0.43390402317569843,0,0
0.565369367685912,0.4346306323140881,0,0
0.5511665669513008,0.4488334330486992,0,0
0.5697070078101967,0.4302929921898034,0,0
0.5662296993646769,0.43377030063532296,0,0
0.5691246338865827,0.43087536611341737,0,0
0.5711350458332816,0.4288649541667184,0,0
0.5685445014622591,0.43145549853774096,0,0
0.575280586288499,0.424719413711501,0,0
0.5663484739369748,0.4336515260630252,0,0
0.5744231728541687,0.4255768271458312,0,0
0.569218898171129,0.4307811018288712,0,0
0.5380426950306084,0.4619573049693915,0,0
0.5623229050326948,0.4376770949673052,0,0
0.5649582405178762,0.43504175948212387,0,0
0.5562594860337307,0.44374051396626946,0,0
0.5677757721571275,0.43222422784287245,0,0
0.5744042674000259,0.42559573259997413,0,0
0.5647992980935329,0.4352007019064672,0,0
0.5756596763180477,0.4243403236819524,0,0
0.5758897442675115,0.4241102557324887,0,0
0.57460320115648,0.4253967988435201,0,0
0.5708782207711027,0.4291217792288972,0,0
0.5737435438775138,0.42625645612248625,0,0
0.5681482892511912,0.4318517107488087,0,0
0.5747711813144548,0.4252288186855453,0,0
0.5629662422231113,0.43703375777688885,0,0
0.564857856880953,0.4351421431190469,0,0
0.5323070803370026,0.4676929196629975,0,0
0.5715027979957391,0.42849720200426095,0,0
0.5767069589859015,0.4232930410140986,0,0
0.5693209741544412,0.4306790258455589,0,0
0.5618819248490055,0.43811807515099455,0,0
0.5708463983295837,0.4291536016704162,0,0
0.5597496900950555,0.44025030990494457,0,0
0.5762386193716931,0.423761380628307,0,0
0.5618788283003416,0.43812117169965825,0,0
0.5635349601332977,0.4364650398667023,0,0
0.5351959858405376,0.46480401415946243,0,0
0.5607391535410797,0.4392608464589204,0,0
0.5664306701522775,0.4335693298477225,0,0
0.5717061476938008,0.4282938523061992,0,0
0.5168363477373458,0.48316365226265423,0,0
0.574888416402391,0.42511158359760903,0,0
0.5691241156218192,0.430875884378181,0,0
0.570676101102953,0.42932389889704703,0,0
0.5729906573734421,0.4270093426265578,0,0
0.575594558277134,0.42440544172286593,0,0
0.5718986094867653,0.4281013905132348,0,0
0.5527518024005676,0.4472481975994325,0,0
0.5752212585472998,0.4247787414527003,0,0
0.5631419952220464,0.43685800477795345,0,0
0.5737037993369086,0.4262962006630913,0,0
0.5750762996652805,0.42492370033471955,0,0
0.5581871698009508,0.44181283019904943,0,0
0.570130052118956,0.42986994788104405,0,0
0.5678289028521238,0.43217109714787605,0,0
0.5645409767889243,0.43545902321107566,0,0
0.5677192138784073,0.43228078612159265,0,0
0.5751160389042864,0.42488396109571364,0,0
0.5672634107348432,0.43273658926515685,0,0
0.5609561813652743,0.4390438186347256,0,0
0.562841697878183,0.4371583021218172,0,0
0.5647049599941417,0.4352950400058584,0,0
0.5646722287476107,0.4353277712523896,0,0
0.5733682774210929,0.4266317225789072,0,0
0.5654980264748718,0.4345019735251282,0,0
0.5727720951911089,0.42722790480889117,0,0
0.5645985141547845,0.43540148584521554,0,0
0.5751722108833212,0.42482778911667884,0,0
0.5568707718306753,0.44312922816932493,0,0
0.5762517032371478,0.4237482967628523,0,0
0.5204960691690564,0.4795039308309436,0,0
0.5735846182301474,0.4264153817698528,0,0
0.5687181568964529,0.4312818431035473,0,0
0.57641024903645,0.42358975096354984,0,0
0.5708079109332211,0.429192089066779,0,0
0.5727231299574135,0.4272768700425865,0,0
0.5669088261932831,0.4330911738067169,0,0
0.5430492377961099,0.4569507622038901,0,0
0.5495032540870317,0.4504967459129683,0,0
0.5438136471610656,0.45618635283893433,0,0
0.5664848735365828,0.4335151264634172,0,0
0.5680945217958328,0.4319054782041674,0,0
0.5705920935714477,0.4294079064285524,0,0
0.5549991532464156,0.4450008467535846,0,0
0.5658458743410243,0.43415412565897565,0,0
0.5537916040014119,0.4462083959985882,0,0
0.5704121651291442,0.429587834870856,0,0
0.5737441417815097,0.42625585821849027,0,0
0.5731538837950004,0.4268461162049995,0,0
0.5717404307786169,0.428259569221383,0,0
0.5723766044150107,0.42762339558498946,0,0
0.5173159045811748,0.4826840954188253,0,0
0.5671917099850925,0.43280829001490745,0,0
0.5735174889996104,0.4264825110003896,0,0
0.5662100866704172,0.43378991332958294,0,0
0.5761083538016889,0.4238916461983112,0,0
0.5643205311404597,0.4356794688595404,0,0
0.5645858828429673,0.43541411715703265,0,0
0.5636814482203651,0.43631855177963486,0,0
0.5593425895165766,0.44065741048342344,0,0
0.5759832992057209,0.424016700794279,0,0
0.5622341421686057,0.43776585783139443,0,0
0.5660573024647272,0.4339426975352729,0,0
0.5766922604205746,0.4233077395794254,0,0
0.5715112018676195,0.42848879813238056,0,0
0.5364330476359899,0.46356695236401013,0,0
0.5596606665967302,0.44033933340326975,0,0
0.5720759003487091,0.42792409965129086,0,0
0.5670948700327015,0.43290512996729846,0,0
0.5748820848384316,0.4251179151615685,0,0
0.5771116613324038,0.4228883386675963,0,0
0.5582206206386024,0.4417793793613975,0,0
0.5618847672691756,0.4381152327308245,0,0
0.5682379153850986,0.43176208461490145,0,0
0.5616176905087075,0.4383823094912927,0,0
0.5755503428958221,0.42444965710417804,0,0
0.5395966483674737,0.4604033516325264,0,0
0.5756626823650725,0.4243373176349275,0,0
0.5690636221782901,0.4309363778217099,0,0
0.5625411022827088,0.4374588977172912,0,0
0.5717459864506407,0.42825401354935927,0,0
0.565238365072339,0.43476163492766096,0,0
0.5683767071962533,0.4316232928037467,0,0
0.5649534730988944,0.4350465269011057,0,0
0.5704428188713894,0.4295571811286107,0,0
0.5702757014996711,0.4297242985003288,0,0
0.5644716124925288,0.43552838750747147,0,0
0.5744629103963941,0.425537089603606,0,0
0.5298401522114439,0.4701598477885563,0,0
0.5707568837930613,0.4292431162069386,0,0
0.5666054351209681,0.43339456487903205,0,0
0.5732765315896091,0.4267234684103908,0,0
0.5722022078986456,0.4277977921013545,0,0
0.5720811744607133,0.42791882553928684,0,0
0.5741531069170894,0.4258468930829106,0,0
0.5543351876415061,0.4456648123584937,0,0
0.5599953643301111,0.44000463566988884,0,0
0.5714427312739925,0.4285572687260074,0,0
0.560859649703765,0.43914035029623494,0,0
0.558476608432069,0.4415233915679311,0,0
0.5702198708190535,0.42978012918094666,0,0
0.5736227118727736,0.4263772881272265,0,0
0.5651772220187544,0.4348227779812457,0,0
0.5749760986980915,0.4250239013019086,0,0
0.5752614948615998,0.42473850513840017,0,0
0.5738874140989005,0.42611258590109935,0,0
0.5643340998978635,0.4356659001021365,0,0
0.5749140393671424,0.42508596063285775,0,0
0.5727750072143524,0.4272249927856476,0,0
0.5386565460259225,0.4613434539740775,0,0
0.5705128883571243,0.4294871116428757,0,0
0.5438180261241912,0.45618197387580883,0,0
0.558954172825114,0.44104582717488616,0,0
0.5640522189770676,0.4359477810229324,0,0
0.5681072908806148,0.43189270911938515,0,0
0.5530871970517124,0.4469128029482877,0,0
0.5669921006230184,0.4330078993769816,0,0
0.5674585105617235,0.4325414894382765,0,0
0.5462163410241349,0.45378365897586503,0,0
0.5622277257839058,0.4377722742160944,0,0
0.5642273782877624,0.4357726217122378,0,0
0.5219066535900453,0.47809334640995466,0,0
0.5711138820235163,0.4288861179764836,0,0
0.5654409004716301,0.4345590995283701,0,0
0.5565728479059504,0.44342715209404954,0,0
0.5700150472931677,0.42998495270683224,0,0
0.565928827099076,0.434071172900924,0,0
0.5763459365962654,0.4236540634037345,0,0
0.5236634681181229,0.476336531881877,0,0
0.5649975722059174,0.43500242779408266,0,0
0.5682034946593355,0.4317965053406643,0,0
0.5671866335616697,0.43281336643833046,0,0
0.5635933908713565,0.43640660912864365,0,0
0.5639056112883776,0.43609438871162237,0,0
0.567635339695115,0.43236466030488496,0,0
0.5518579001531119,0.44814209984688813,0,0
0.5644607148715317,0.43553928512846835,0,0
0.5684714966302875,0.43152850336971244,0,0
0.571455023588806,0.42854497641119416,0,0
0.5643111878430914,0.4356888121569086,0,0
0.5765517272910998,0.42344827270890023,0,0
0.5626981258825456,0.4373018741174544,0,0
0.5673288145446825,0.4326711854553175,0,0
0.5645144081300248,0.43548559186997526,0,0
0.5749856293655462,0.42501437063445385,0,0
0.5547842781199331,0.445215721880067,0,0
0.5638248099143716,0.4361751900856285,0,0
0.5711329508808675,0.4288670491191325,0,0
0.5643158007811494,0.4356841992188506,0,0
0.5688000229985157,0.43119997700148427,0,0
0.5712580692722536,0.4287419307277463,0,0
0.5680887579734053,0.43191124202659464,0,0
0.5719570056291299,0.4280429943708703,0,0
0.5691047237614453,0.43089527623855467,0,0
0.5638766504893429,0.43612334951065723,0,0
0.5653305553742723,0.43466944462572765,0,0
0.5619240022833718,0.43807599771662825,0,0
0.5690741356520572,0.43092586434794283,0,0
0.5629583235070424,0.43704167649295744,0,0
0.5649924876008035,0.43500751239919644,0,0
0.5497196326458337,0.45028036735416654,0,0
0.5700534409974624,0.42994655900253764,0,0
0.5696601059233041,0.43033989407669604,0,0
0.5680250140847027,0.43197498591529726,0,0
0.5633802783013753,0.4366197216986247,0,0
0.5670705583496339,0.43292944165036606,0,0
0.5463896173827392,0.45361038261726083,0,0
0.5747123045287459,0.4252876954712541,0,0
0.5586373162883342,0.4413626837116659,0,0
0.5764511772329737,0.42354882276702643,0,0
0.5219884823647758,0.4780115176352243,0,0
0.576794747863536,0.4232052521364641,0,0
0.5703567588760997,0.42964324112390023,0,0
0.5765077127732566,0.4234922872267433,0,0
0.5693093579483568,0.43069064205164337,0,0
0.5708595608895491,0.42914043911045097,0,0
0.5760765259362508,0.4239234740637493,0,0
0.5679492438291346,0.43205075617086536,0,0
0.5756507422658322,0.42434925773416776,0,0
0.5695293157311078,0.4304706842688924,0,0
0.5694604846623365,0.4305395153376635,0,0
0.5762263084696535,0.4237736915303466,0,0
0.5618391336000221,0.438160866399978,0,0
0.5704583760080303,0.4295416239919699,0,0
0.5639463209301983,0.43605367906980175,0,0
0.5692399241964691,0.43076007580353093,0,0
0.5703115486146625,0.4296884513853376,0,0
0.5420951918447366,0.4579048081552634,0,0
0.5636873105208599,0.43631268947914015,0,0
0.5689954677504243,0.4310045322495757,0,0
0.5757386524270871,0.424261347572913,0,0
0.5652823294665779,0.4347176705334221,0,0
0.5403077286600112,0.4596922713399889,0,0
0.5660398111961111,0.4339601888038891,0,0
0.5708250556537265,0.4291749443462735,0,0
0.5753046005304648,0.42469539946953505,0,0
0.5726907513994008,0.42730924860059927,0,0
0.5173479486936167,0.48265205130638344,0,0
0.5735597467622849,0.42644025323771517,0,0
0.5641257980064895,0.4358742019935105,0,0
0.573522801967309,0.4264771980326911,0,0
0.5604874593913685,0.43951254060863165,0,0
0.5696974510230384,0.4303025489769617,0,0
0.552341217193523,0.44765878280647714,0,0
0.5496703679135201,0.4503296320864799,0,0
0.5612636658967847,0.43873633410321533,0,0
0.5758828569185378,0.42411714308146226,0,0
0.5684909788967527,0.4315090211032472,0,0
0.5679890198909756,0.4320109801090245,0,0
0.5688922631605801,0.43110773683941994,0,0
0.5759229013153822,0.42407709868461807,0,0
0.5601701692475524,0.4398298307524475,0,0
0.5474201902199245,0.45257980978007556,0,0
0.5745799877714267,0.4254200122285734,0,0
0.5677780126509624,0.4322219873490377,0,0
0.5700962456622346,0.4299037543377656,0,0
0.5665909663108603,0.4334090336891399,0,0
0.575128314398054,0.4248716856019461,0,0
0.5735967810044104,0.4264032189955897,0,0
0.5737874506321378,0.42621254936786224,0,0
0.5760558276326048,0.42394417236739523,0,0
0.5732873388026528,0.4267126611973473,0,0
0.5691120058861873,0.4308879941138128,0,0
0.5643084155509743,0.43569158444902567,0,0
0.5744448943054203,0.42555510569457966,0,0
0.5290843307397384,0.47091566926026157,0,0
0.5657621683297329,0.43423783167026714,0,0
0.5626331703501729,0.4373668296498272,0,0
0.5760785274739699,0.4239214725260302,0,0
0.5722011525653498,0.42779884743465024,0,0
0.5516512048959893,0.4483487951040108,0,0
0.5329286731111511,0.46707132688884884,0,0
0.5703211448037817,0.4296788551962183,0,0
0.5755095375676906,0.4244904624323095,0,0
0.5666346263425334,0.4333653736574666,0,0
0.5657504242287487,0.43424957577125134,0,0
0.5687083894592825,0.4312916105407176,0,0
0.5629288491358632,0.43707115086413684,0,0
0.574846212810302,0.425153787189698,0,0
0.5715073030195911,0.428492696980409,0,0
0.5757686620846594,0.4242313379153408,0,0
0.5545367972495474,0.4454632027504527,0,0
0.5761557806915908,0.42384421930840926,0,0
0.5756841369038952,0.4243158630961048,0,0
0.567335160932771,0.4326648390672291,0,0
0.5757763404734834,0.42422365952651664,0,0
0.5727953634717188,0.42720463652828117,0,0
0.5697029402557167,0.43029705974428334,0,0
0.5644771614660526,0.4355228385339473,0,0
0.5744387792681086,0.42556122073189134,0,0
0.5652651923168892,0.43473480768311096,0,0
0.5669716529109864,0.4330283470890137,0,0
0.5689313293388686,0.4310686706611314,0,0
0.5599453943228364,0.4400546056771637,0,0
0.5686314802421303,0.43136851975786983,0,0
0.5652004105690226,0.4347995894309776,0,0
0.5445849274213731,0.45541507257862684,0,0
0.571912059175495,0.4280879408245051,0,0
0.5686514741480244,0.4313485258519756,0,0
0.5631631992434386,0.4368368007565614,0,0
0.5749120879408545,0.4250879120591455,0,0
0.5670510411782257,0.4329489588217745,0,0
0.5638063519206475,0.4361936480793525,0,0
0.559506295986329,0.44049370401367116,0,0
0.572598916781366,0.42740108321863407,0,0
0.5757661726084792,0.4242338273915207,0,0
0.5662068871143048,0.43379311288569533,0,0
0.5560636108989714,0.4439363891010285,0,0
0.5751334091202434,0.4248665908797567,0,0
0.5537462303800254,0.4462537696199748,0,0
0.575106836196532,0.424893163803468,0,0
0.5637463875820943,0.43625361241790567,0,0
0.5633189496456646,0.43668105035433535,0,0
0.5766613769209503,0.4233386230790497,0,0
0.5751129789382811,0.4248870210617189,0,0
0.5666843741345455,0.4333156258654546,0,0
0.5722202614895477,0.42777973851045226,0,0
0.5764096120994346,0.42359038790056536,0,0
0.5747664793792321,0.4252335206207679,0,0
0.5645069041544689,0.4354930958455311,0,0
0.5660885061224961,0.43391149387750405,0,0
0.5643295285190087,0.43567047148099136,0,0
0.5628978640171226,0.4371021359828774,0,0
0.5766024071282385,0.4233975928717616,0,0
0.5657225534392945,0.4342774465607057,0,0
0.5660843269012141,0.4339156730987859,0,0
0.5725444172946904,0.4274555827053096,0,0
0.5621568209508846,0.4378431790491155,0,0
0.5726692693232105,0.4273307306767895,0,0
0.573490781897779,0.426509218102221,0,0
0.5672790750774672,0.43272092492253283,0,0
0.5672978322813623,0.4327021677186376,0,0
0.5647485515974842,0.4352514484025159,0,0
0.5689328827036778,0.43106711729632224,0,0
0.5635075243302204,0.43649247566977956,0,0
0.5753840708225514,0.42461592917744867,0,0
0.5739083222106365,0.4260916777893636,0,0
0.5749149751188499,0.42508502488114996,0,0
0.5607181319627933,0.43928186803720676,0,0
0.5598977571643763,0.44010224283562366,0,0
0.5725929585528523,0.4274070414471476,0,0
0.5600515132200795,0.4399484867799205,0,0
0.5167486678514197,0.4832513321485804,0,0
0.5653390807760775,0.4346609192239223,0,0
0.5562350428210465,0.44376495717895365,0,0
0.5652047985349042,0.43479520146509565,0,0
0.5759211841478801,0.42407881585212,0,0
0.564187100580546,0.43581289941945406,0,0
0.5637117028580306,0.4362882971419694,0,0
0.5681819721143728,0.43181802788562706,0,0
0.5654499376378062,0.43455006236219385,0,0
0.5730200780842741,0.42697992191572576,0,0
0.5620965583881562,0.43790344161184386,0,0
0.561023832213045,0.43897616778695503,0,0
0.5687797576822538,0.4312202423177462,0,0
0.5663084431105946,0.4336915568894054,0,0
0.5443380305598783,0.4556619694401217,0,0
0.5724995290352426,0.42750047096475746,0,0
0.5709597021521227,0.4290402978478774,0,0
0.5744008031598387,0.4255991968401613,0,0
0.5543771286414267,0.44562287135857337,0,0
0.5754008739272918,0.4245991260727083,0,0
0.5675868002401827,0.43241319975981724,0,0
0.5631858184367393,0.43681418156326074,0,0
0.5668259564613908,0.43317404353860917,0,0
0.5668102088972018,0.4331897911027981,0,0
0.5608289172065316,0.4391710827934684,0,0
0.5761516010843113,0.4238483989156888,0,0
0.55056454593857,0.44943545406143015,0,0
0.5690267191458274,0.4309732808541728,0,0
0.5714879985319122,0.42851200146808777,0,0
0.5733615204673226,0.4266384795326774,0,0
0.5586786610442969,0.441321338955703,0,0
0.568339574992107,0.4316604250078929,0,0
0.5679601711659926,0.4320398288340074,0,0
0.576288389750967,0.42371161024903314,0,0
0.5718970241340845,0.42810297586591556,0,0
0.5389983508786896,0.4610016491213103,0,0
0.5504029204207066,0.4495970795792934,0,0
0.5712548781338126,0.42874512186618746,0,0
0.5720057428034897,0.4279942571965104,0,0
0.5613692803992689,0.43863071960073124,0,0
0.5737718387446802,0.42622816125531987,0,0
0.5682033226089962,0.4317966773910038,0,0
0.5688230263527133,0.4311769736472867,0,0
0.5660081400360782,0.4339918599639218,0,0
0.5710677206924764,0.42893227930752365,0,0
0.5670786459593609,0.43292135404063925,0,0
0.5755792820428007,0.42442071795719916,0,0
0.5614071948203608,0.4385928051796393,0,0
0.572648282590516,0.4273517174094841,0,0
0.5564153894103472,0.44358461058965276,0,0
0.5740092385739362,0.4259907614260639,0,0
0.5680216049916411,0.4319783950083589,0,0
0.5765414684875797,0.42345853151242036,0,0
0.5742359758252148,0.42576402417478515,0,0
0.5672249602270933,0.43277503977290654,0,0
0.5674486606599438,0.4325513393400564,0,0
0.5715496421736613,0.4284503578263387,0,0
0.5654709912676635,0.4345290087323366,0,0
0.5694244272711882,0.43057557272881175,0,0
0.5732413184513562,0.426758681548644,0,0
0.5738923377004893,0.4261076622995107,0,0
0.5640394889839205,0.43596051101607963,0,0
0.5735215838855181,0.42647841611448206,0,0
0.571450092041097,0.42854990795890313,0,0
0.5653156599663667,0.4346843400336334,0,0
0.5740920095719152,0.4259079904280847,0,0
0.5718461461596043,0.42815385384039584,0,0
0.5626534430922688,0.43734655690773117,0,0
0.565209741272073,0.4347902587279271,0,0
0.5750387657120916,0.42496123428790855,0,0
0.5668098364115967,0.43319016358840345,0,0
0.5719824613591721,0.428017538640828,0,0
0.5179273756794602,0.4820726243205399,0,0
0.5704451773602277,0.42955482263977224,0,0
0.5692822979852797,0.4307177020147204,0,0
0.5307062680296109,0.46929373197038915,0,0
0.5614481917471282,0.43855180825287177,0,0
0.5759488141013741,0.42405118589862584,0,0
0.5740017751863351,0.42599822481366495,0,0
0.5768492506829229,0.42315074931707725,0,0
0.5629565285697528,0.43704347143024735,0,0
0.5748460593779828,0.4251539406220172,0,0
0.5736457248373619,0.4263542751626381,0,0
0.5737575636324002,0.42624243636759995,0,0
0.5646713157379362,0.43532868426206395,0,0
0.5759995972434566,0.4240004027565435,0,0
0.5738200695155475,0.42617993048445263,0,0
0.5736062533605553,0.426393746639445,0,0
0.5564155902451162,0.4435844097548839,0,0
0.5662487912077486,0.4337512087922516,0,0
0.5285994449590646,0.4714005550409355,0,0
0.5762887659807572,0.4237112340192428,0,0
0.5684975273792858,0.43150247262071423,0,0
0.5742089937891492,0.4257910062108508,0,0
0.5701634420255615,0.4298365579744387,0,0
0.5733396131547306,0.42666038684526947,0,0
0.5651179707953077,0.4348820292046925,0,0
0.5709211901430057,0.4290788098569942,0,0
0.5668894043123379,0.433110595687662,0,0
0.5739708325041047,0.4260291674958952,0,0
0.5744625036562302,0.4255374963437699,0,0
0.5669827169995942,0.43301728300040576,0,0
0.5580449615947112,0.44195503840528894,0,0
0.5643175684696117,0.43568243153038844,0,0
0.5608849267245445,0.43911507327545557,0,0
0.5688757641858876,0.4311242358141126,0,0
0.5650306523939899,0.4349693476060103,0,0
0.5660983900028184,0.43390160999718175,0,0
0.5527889752289957,0.44721102477100433,0,0
0.575088871507457,0.42491112849254314,0,0
0.5565853276167704,0.4434146723832296,0,0
0.5536485925701005,0.44635140742989965,0,0
0.5656275413135108,0.4343724586864894,0,0
0.5754935280962777,0.42450647190372215,0,0
0.5650146639582753,0.4349853360417248,0,0
0.5611444070192015,0.4388555929807984,0,0
0.5699080516869987,0.4300919483130014,0,0
0.5730558011018896,0.4269441988981104,0,0
0.5698058872942056,0.43019411270579455,0,0
0.5474396515395203,0.4525603484604797,0,0
0.5627288656912501,0.43727113430875,0,0
0.5684623408357686,0.4315376591642314,0,0
0.5249008293774102,0.47509917062258983,0,0
0.5702302221617057,0.4297697778382944,0,0
0.5342805865915191,0.465719413408481,0,0
0.5764328437465567,0.4235671562534434,0,0
0.5635202427240645,0.4364797572759356,0,0
0.5746245932598809,0.42537540674011926,0,0
0.5764100131241444,0.4235899868758557,0,0
0.5688123608022232,0.4311876391977768,0,0
0.5634093591564362,0.43659064084356386,0,0
0.5692261162120923,0.4307738837879077,0,0
0.5625704416667828,0.4374295583332172,0,0
0.5497157678677338,0.45028423213226637,0,0
0.5202117030380283,0.4797882969619717,0,0
0.5749414789572731,0.4250585210427269,0,0
0.5649601546255412,0.435039845374459,0,0
0.563591001965843,0.43640899803415706,0,0
0.5751625664121933,0.4248374335878068,0,0
0.5603219281826388,0.43967807181736124,0,0
0.5734648188626577,0.4265351811373425,0,0
0.5646213475379176,0.4353786524620825,0,0
0.5727369286422582,0.42726307135774183,0,0
0.5702516271335603,0.42974837286643963,0,0
0.5642315589242384,0.4357684410757616,0,0
0.5728621689801715,0.42713783101982855,0,0
0.5575458764812407,0.4424541235187595,0,0
0.5579159543966992,0.44208404560330083,0,0
0.5655907775920123,0.43440922240798796,0,0
0.5771830770572027,0.42281692294279727,0,0
0.5168489581683675,0.48315104183163254,0,0
0.5662470896056484,0.43375291039435165,0,0
0.5756022752229379,0.4243977247770622,0,0
0.5547007572869453,0.44529924271305465,0,0
0.5388033729856122,0.4611966270143877,0,0
0.5698631346158026,0.43013686538419754,0,0
0.5611807866294549,0.4388192133705451,0,0
0.5308200345529418,0.4691799654470582,0,0
0.5675336759227987,0.4324663240772013,0,0
0.5691018527911353,0.4308981472088648,0,0
0.5684295380182908,0.4315704619817094,0,0
0.559380798480499,0.44061920151950107,0,0
0.5738114612909238,0.4261885387090763,0,0
0.564986015355195,0.43501398464480506,0,0
0.5741787795397542,0.42582122046024584,0,0
0.5758925776298774,0.42410742237012256,0,0
0.5701019671328775,0.42989803286712264,0,0
0.5703575964503128,0.4296424035496873,0,0
0.5689669237273922,0.4310330762726078,0,0
0.5723819974996419,0.42761800250035803,0,0
0.5356034348331757,0.46439656516682437,0,0
0.561334318016049,0.43866568198395095,0,0
0.5564689884044522,0.4435310115955477,0,0
0.5721579515845933,0.42784204841540685,0,0
0.5296960450837306,0.47030395491626953,0,0
0.5759278319321448,0.4240721680678551,0,0
0.5710192674276189,0.42898073257238106,0,0
0.5720098826944686,0.4279901173055313,0,0
0.5753653203462535,0.42463467965374646,0,0
0.5748655446696503,0.4251344553303497,0,0
0.5659563039999754,0.4340436960000246,0,0
0.5575344457371054,0.44246555426289463,0,0
0.5655968975954098,0.4344031024045903,0,0
0.5758259854454627,0.42417401455453735,0,0
0.5710766392379946,0.4289233607620053,0,0
0.5729142261161069,0.42708577388389324,0,0
0.5688497806570356,0.4311502193429644,0,0
0.5761674188867987,0.4238325811132014,0,0
0.5639916865811954,0.43600831341880475,0,0
0.563163847253993,0.436836152746007,0,0
0.5685008028164226,0.43149919718357754,0,0
0.5440484762216267,0.45595152377837334,0,0
0.5740199708776328,0.42598002912236727,0,0
0.5638164463371381,0.43618355366286193,0,0
0.5618848706194174,0.43811512938058267,0,0
0.559662087122081,0.44033791287791896,0,0
0.5755659914556245,0.42443400854437546,0,0
0.5645033831754505,0.43549661682454954,0,0
0.5759731539009478,0.4240268460990521,0,0
0.5631154430440269,0.4368845569559731,0,0
0.5711148284865397,0.42888517151346045,0,0
0.5732730033589896,0.4267269966410104,0,0
0.5633654825772048,0.4366345174227952,0,0
0.5696998541082471,0.4303001458917529,0,0
0.57454210211202,0.42545789788797994,0,0
0.5255060285215027,0.47449397147849715,0,0
0.5677883558488404,0.43221164415115965,0,0
0.5669382432368714,0.43306175676312875,0,0
0.5666806959224386,0.4333193040775614,0,0
0.5656269428574568,0.4343730571425433,0,0
0.5609297187442336,0.4390702812557664,0,0
0.5707117196187839,0.4292882803812162,0,0
0.5643523706402142,0.43564762935978585,0,0
0.5640569383959835,0.4359430616040166,0,0
0.5556337629702033,0.44436623702979683,0,0
0.5676420659499963,0.4323579340500037,0,0
0.5743203551020674,0.42567964489793264,0,0
0.5765954178119307,0.4234045821880694,0,0
0.5721388036109483,0.4278611963890517,0,0
0.567663551271677,0.432336448728323,0,0
0.5657564371739047,0.43424356282609544,0,0
0.5690054308240793,0.43099456917592094,0,0
0.5668383735676897,0.4331616264323103,0,0
0.5611901725436995,0.4388098274563005,0,0
0.559140139640543,0.44085986035945696,0,0
0.5600383820443819,0.4399616179556181,0,0
0.5666368301486937,0.4333631698513063,0,0
0.571306938564121,0.42869306143587904,0,0
0.5744845866927395,0.4255154133072605,0,0
0.5731618555860389,0.426838144413961,0,0
0.5768898659889589,0.42311013401104114,0,0
0.5473117636551847,0.45268823634481536,0,0
0.5698927425486479,0.43010725745135214,0,0
0.5711258008423599,0.4288741991576402,0,0
0.5740806298653627,0.42591937013463743,0,0
0.5694374452255989,0.43056255477440103,0,0
0.5726972189466738,0.42730278105332614,0,0
0.5733964081628454,0.42660359183715474,0,0
0.568690474213142,0.43130952578685794,0,0
0.5697232984173676,0.43027670158263254,0,0
0.5259852010604927,0.4740147989395073,0,0
0.5724376268414723,0.4275623731585278,0,0
0.5672517673657947,0.43274823263420537,0,0
0.5637587012517682,0.4362412987482318,0,0
0.5657083387808416,0.43429166121915846,0,0
0.5699641150824243,0.4300358849175759,0,0
0.5362307013979842,0.46376929860201593,0,0
0.5758317773213223,0.42416822267867776,0,0
0.5398926688856077,0.46010733111439245,0,0
0.5755731946223611,0.42442680537763894,0,0
0.5613276197236923,0.4386723802763078,0,0
0.5447682174922819,0.45523178250771806,0,0
0.5331619076792727,0.46683809232072737,0,0
0.5649232656710532,0.4350767343289468,0,0
0.5657271349883654,0.43427286501163476,0,0
0.5645107777661502,0.43548922223384984,0,0
0.5607260888702071,0.43927391112979286,0,0
0.5676308493751746,0.43236915062482534,0,0
0.572885271443272,0.42711472855672816,0,0
0.5620682952404293,0.4379317047595707,0,0
0.5764593307201858,0.42354066927981426,0,0
0.5670131693626091,0.4329868306373909,0,0
0.5692157380516026,0.4307842619483974,0,0
0.565191802418363,0.43480819758163713,0,0
0.5587594498618492,0.4412405501381509,0,0
0.5755324956061246,0.42446750439387537,0,0
0.5758528650231228,0.4241471349768773,0,0
0.5617382350228024,0.43826176497719754,0,0
0.5710867097190782,0.42891329028092195,0,0
0.5746599846215984,0.4253400153784015,0,0
0.5766202367557752,0.42337976324422494,0,0
0.5681595015252685,0.43184049847473155,0,0
0.5622180902020698,0.43778190979793025,0,0
0.5391297556937086,0.4608702443062915,0,0
0.5617743292979955,0.43822567070200447,0,0
0.5740075624683522,0.42599243753164784,0,0
0.5670933661675023,0.43290663383249783,0,0
0.5698815461658764,0.43011845383412356,0,0
0.575586622687467,0.42441337731253304,0,0
0.5642279579568912,0.43577204204310865,0,0
0.5765238835091852,0.423476116490815,0,0
0.5690727217005204,0.4309272782994797,0,0
0.5367934067691772,0.4632065932308228,0,0
0.5669603979878508,0.43303960201214925,0,0
0.5700316412417986,0.4299683587582014,0,0
0.571247833311013,0.428752166688987,0,0
0.5674023254982764,0.43259767450172354,0,0
0.5764525891954624,0.4235474108045378,0,0
0.5439334589432234,0.4560665410567766,0,0
0.5663587865540783,0.43364121344592166,0,0
0.5657699545778615,0.4342300454221385,0,0
0.566108902770426,0.43389109722957403,0,0
0.5642605858851291,0.435739414114871,0,0
0.5715711740276557,0.4284288259723444,0,0
0.5280538976029959,0.471946102397004,0,0
0.5671673541351284,0.43283264586487147,0,0
0.5490021936809321,0.45099780631906805,0,0
0.5701559153478338,0.4298440846521662,0,0
0.5693892296737092,0.4306107703262909,0,0
0.5667536426248798,0.4332463573751202,0,0
0.5586099759711177,0.4413900240288824,0,0
0.571861111873242,0.42813888812675815,0,0
0.5692349905805415,0.4307650094194586,0,0
0.5666089873512521,0.4333910126487478,0,0
0.5698145567164353,0.4301854432835647,0,0
0.5692905784754762,0.4307094215245238,0,0
0.5727299901662707,0.42727000983372937,0,0
0.5636329271497635,0.4363670728502365,0,0
0.563918942853191,0.4360810571468091,0,0
0.5601103615350143,0.43988963846498597,0,0
0.5634836169019838,0.4365163830980161,0,0
0.5748248356040054,0.42517516439599473,0,0
0.5636701714506201,0.4363298285493798,0,0
0.567028752087046,0.43297124791295405,0,0
0.5721726718133959,0.42782732818660424,0,0
0.5743482037268587,0.4256517962731415,0,0
0.5744080242249225,0.4255919757750775,0,0
0.5695774835286334,0.43042251647136665,0,0
0.5593768927027223,0.44062310729727766,0,0
0.5674440995101843,0.43255590048981585,0,0
0.5765698270192456,0.4234301729807544,0,0
0.5759208249083466,0.4240791750916535,0,0
0.5679624335180172,0.4320375664819827,0,0
0.5738528474250946,0.42614715257490565,0,0
0.5393275837215239,0.46067241627847616,0,0
0.5650844176416681,0.43491558235833194,0,0
0.5622094082286772,0.4377905917713229,0,0
0.5620529680959929,0.4379470319040072,0,0
0.5767819636258268,0.4232180363741733,0,0
0.5742461709681459,0.42575382903185405,0,0
0.5625272516373626,0.4374727483626374,0,0
0.5640916661215907,0.4359083338784095,0,0
0.57448010275654,0.4255198972434602,0,0
0.5670153229738324,0.4329846770261676,0,0
0.5701041964813254,0.4298958035186747,0,0
0.5441171150482452,0.4558828849517548,0,0
0.561272433646972,0.438727566353028,0,0
0.5698442753923254,0.4301557246076747,0,0
0.5654858118031023,0.4345141881968976,0,0
0.5714701834140881,0.428529816585912,0,0
0.5747062371772328,0.42529376282276726,0,0
0.5695299897813724,0.4304700102186275,0,0
0.5754020687012094,0.42459793129879086,0,0
0.5760699244403706,0.4239300755596294,0,0
0.5728830143123936,0.42711698568760637,0,0
0.5761735460606234,0.42382645393937657,0,0
0.5759515109287988,0.4240484890712012,0,0
0.5761583597964803,0.4238416402035196,0,0
0.5699844369482249,0.43001556305177513,0,0
0.5675998587365638,0.43240014126343634,0,0
0.5726909306961709,0.42730906930382906,0,0
0.5699742012227709,0.4300257987772292,0,0
0.5695243295538636,0.4304756704461366,0,0
0.566169881014586,0.43383011898541407,0,0
0.5738146890226776,0.4261853109773223,0,0
0.5636248772294644,0.4363751227705356,0,0
0.5766889614519691,0.423311038548031,0,0
0.5677723514324959,0.4322276485675041,0,0
0.5752715043601004,0.4247284956398994,0,0
0.5659500338981169,0.4340499661018832,0,0
0.565257704987459,0.43474229501254097,0,0
0.5691159340844965,0.4308840659155037,0,0
0.5670605777936248,0.4329394222063752,0,0
0.5654417799449108,0.4345582200550892,0,0
0.5692002666761168,0.4307997333238834,0,0
0.563040989495409,0.43695901050459096,0,0
0.5706488637285225,0.42935113627147753,0,0
0.575173937124843,0.42482606287515706,0,0
0.5706039423540451,0.42939605764595484,0,0
0.567352061971129,0.43264793802887114,0,0
0.5738116743275035,0.42618832567249654,0,0
0.55685529613514,0.44314470386486016,0,0
0.5746248401899156,0.4253751598100846,0,0
0.5663416351835522,0.43365836481644787,0,0
0.57165225623226,0.42834774376774,0,0
0.5647556527793783,0.4352443472206216,0,0
0.5764138174624142,0.4235861825375859,0,0
0.5761048632995354,0.42389513670046475,0,0
0.5751949137283714,0.4248050862716286,0,0
0.5605642192241572,0.4394357807758427,0,0
0.5660332060887688,0.4339667939112313,0,0
0.574901994876043,0.4250980051239571,0,0
0.5576776414053708,0.44232235859462926,0,0
0.5355464708312874,0.46445352916871274,0,0
0.5630962794858863,0.43690372051411397,0,0
0.5744025568764166,0.42559744312358344,0,0
0.5737430631703263,0.4262569368296736,0,0
0.568169890386381,0.431830109613619,0,0
0.5730883967184893,0.42691160328151084,0,0
0.56496785371796,0.43503214628203996,0,0
0.5685785656994335,0.4314214343005665,0,0
0.5706676554382749,0.4293323445617252,0,0
0.5505376403274923,0.44946235967250764,0,0
0.5540927489123014,0.44590725108769863,0,0
0.5749492130409751,0.425050786959025,0,0
0.5748505244238153,0.42514947557618465,0,0
0.5668814356456238,0.43311856435437635,0,0
0.5681605026636374,0.4318394973363628,0,0
0.5397986534390483,0.46020134656095163,0,0
0.5660954554808603,0.4339045445191397,0,0
0.570208269930826,0.42979173006917426,0,0
0.5681504900650339,0.43184950993496607,0,0
0.5657420061027498,0.43425799389725017,0,0
0.5602591325390436,0.4397408674609563,0,0
0.5747206317178647,0.4252793682821354,0,0
0.5631513778962352,0.43684862210376496,0,0
0.5696587793504554,0.43034122064954466,0,0
0.5759542417666319,0.42404575823336815,0,0
0.5674200857018767,0.4325799142981232,0,0
0.5727278763882026,0.42727212361179756,0,0
0.5692049375788107,0.4307950624211893,0,0
0.5369843249501078,0.46301567504989216,0,0
0.5706963227461056,0.42930367725389446,0,0
0.5608915472636103,0.4391084527363898,0,0
0.5757656390302672,0.4242343609697327,0,0
0.5562780120045194,0.4437219879954805,0,0
0.5760116775295315,0.4239883224704686,0,0
0.5686987131168949,0.43130128688310504,0,0
0.5502206127492305,0.4497793872507695,0,0
0.5723671149759278,0.4276328850240721,0,0
0.5711772467353835,0.42882275326461655,0,0
0.570301572836419,0.4296984271635811,0,0
0.5761602019926967,0.4238397980073033,0,0
0.5649614579924278,0.43503854200757247,0,0
0.5746165034199922,0.4253834965800079,0,0
0.5735582643852397,0.4264417356147603,0,0
0.5196901985449461,0.4803098014550541,0,1
0.5765513391443018,0.42344866085569827,0,1
0.5514148403625356,0.44858515963746437,0,1
0.5469825155857501,0.45301748441424994,0,1
0.5646384485435036,0.43536155145649647,0,1
0.5257738530888058,0.47422614691119425,0,1
0.5176563246301875,0.4823436753698125,0,1
0.5170411116829213,0.4829588883170788,0,1
0.5520073826044953,0.44799261739550467,0,1
0.5469675271497199,0.45303247285028025,0,1
0.5728787605637018,0.4271212394362982,0,1
0.5270038207323183,0.47299617926768184,0,1
0.5550731503209898,0.44492684967901003,0,1
0.5744549744116617,0.4255450255883383,0,1
0.5171444370852171,0.4828555629147831,0,1
0.564155330471908,0.4358446695280921,0,1
0.5165817857384702,0.48341821426152987,0,1
0.5613484676993821,0.43865153230061804,0,1
0.517342627659791,0.48265737234020917,0,1
0.5291023914260691,0.470897608573931,0,1
0.5412422564477493,0.45875774355225074,0,1
0.5209417974994248,0.4790582025005753,0,1
0.5190102832893815,0.48098971671061846,0,1
0.5160672434159794,0.48393275658402063,0,1
0.5336342068166322,0.46636579318336785,0,1
0.5184777171838378,0.48152228281616216,0,1
0.5449853249290397,0.4550146750709604,0,1
0.5688051499969659,0.43119485000303426,0,1
0.5181450340892336,0.4818549659107665,0,1
0.5192997790598259,0.480700220940174,0,1
0.5315041113119022,0.46849588868809783,0,1
0.5166018521458201,0.4833981478541801,0,1
0.5205484178575976,0.47945158214240235,0,1
0.5167331350699308,0.4832668649300693,0,1
0.5193336215937985,0.48066637840620147,0,1
0.5178642685107586,0.48213573148924127,0,1
0.5170862823449772,0.4829137176550229,0,1
0.5177848026130325,0.48221519738696755,0,1
0.5222358684937083,0.4777641315062919,0,1
0.5594485587480262,0.4405514412519737,0,1
0.5631823362335497,0.43681766376645037,0,1
0.5358179387700033,0.46418206122999683,0,1
0.5459628847791675,0.45403711522083257,0,1
0.5175406962122935,0.48245930378770663,0,1
0.5656544975881724,0.4343455024118277,0,1
0.5201250525200064,0.4798749474799936,0,1
0.524723733813529,0.4752762661864711,0,1
0.542862059924017,0.4571379400759832,0,1
0.5169969805064314,0.48300301949356866,0,1
0.5585360731724563,0.44146392682754365,0,1
0.5452207492213644,0.4547792507786356,0,1
0.534876952101032,0.465123047898968,0,1
0.528562936649969,0.47143706335003105,0,1
0.5240627874626288,0.47593721253737126,0,1
0.5364011739554737,0.46359882604452646,0,1
0.5168163467995323,0.4831836532004677,0,1
0.5168872616648521,0.48311273833514806,0,1
0.5563519153393673,0.4436480846606327,0,1
0.5213352018473455,0.4786647981526545,0,1
0.517510754609114,0.48248924539088617,0,1
0.5304273708710937,0.4695726291289064,0,1
0.5170002098973542,0.48299979010264577,0,1
0.5609129536075115,0.43908704639248847,0,1
0.5266196457334917,0.4733803542665083,0,1
0.516674653141213,0.48332534685878714,0,1
0.5616853101605098,0.4383146898394902,0,1
0.5562738124682234,0.4437261875317768,0,1
0.5296511571824448,0.4703488428175551,0,1
0.5524245799031151,0.447575420096885,0,1
0.5600248505231973,0.4399751494768028,0,1
0.5248556125323278,0.47514438746767224,0,1
0.5366963688437841,0.4633036311562159,0,1
0.5189119046925571,0.4810880953074429,0,1
0.5656627786919772,0.43433722130802277,0,1
0.516297528000772,0.48370247199922806,0,1
0.5172909763014909,0.4827090236985091,0,1
0.5170157160666399,0.48298428393336024,0,1
0.5184780205530607,0.4815219794469395,0,1
0.5166805735256478,0.48331942647435217,0,1
0.5186717549463381,0.48132824505366184,0,1
0.5636661994699861,0.4363338005300138,0,1
0.5167630325178705,0.48323696748212963,0,1
0.5273131047609437,0.47268689523905644,0,1
0.5206274258320162,0.4793725741679839,0,1
0.5170463436653329,0.48295365633466714,0,1
0.5172825919764079,0.4827174080235922,0,1
0.5243834738241417,0.47561652617585826,0,1
0.5272186653355697,0.47278133466443023,0,1
0.5361262680387976,0.46387373196120274,0,1
0.5460997554366495,0.4539002445633506,0,1
0.5681807664080984,0.43181923359190166,0,1
0.5180980084245941,0.48190199157540614,0,1
0.5210582222690984,0.47894177773090185,0,1
0.5183737628117867,0.4816262371882134,0,1
0.5234761884881663,0.47652381151183365,0,1
0.5181484121076193,0.4818515878923808,0,1
0.5676079942036782,0.4323920057963217,0,1
0.5320299453398901,0.46797005466011,0,1
0.5170074862079115,0.4829925137920887,0,1
0.5220011956408569,0.4779988043591432,0,1
0.5462997356453242,0.453700264354676,0,1
0.5173132231837798,0.48268677681622024,0,1
0.5214252663073896,0.4785747336926104,0,1
0.517267293433513,0.48273270656648704,0,1
0.5166225843173966,0.4833774156826034,0,1
0.5181030688245171,0.48189693117548305,0,1
0.5168135809843029,0.48318641901569725,0,1
0.5357570576776222,0.464242942322378,0,1
0.5216486537148148,0.4783513462851852,0,1
0.5661161193099953,0.4338838806900049,0,1
0.5244739687631297,0.4755260312368703,0,1
0.5564732667810517,0.4435267332189484,0,1
0.5569702552078998,0.4430297447921003,0,1
0.5174213673926186,0.4825786326073815,0,1
0.5162129952211283,0.4837870047788717,0,1
0.5346607102936466,0.46533928970635347,0,1
0.544235177339062,0.45576482266093815,0,1
0.5186084538374302,0.4813915461625699,0,1
0.561193951768654,0.438806048231346,0,1
0.5421351372240946,0.45786486277590555,0,1
0.5671509979873279,0.4328490020126721,0,1
0.5422184751810066,0.4577815248189935,0,1
0.5688446448410327,0.4311553551589674,0,1
0.5185064358024071,0.4814935641975931,0,1
0.5186649968576492,0.4813350031423509,0,1
0.5185543910292993,0.4814456089707007,0,1
0.5678395360925071,0.4321604639074929,0,1
0.5279273712174263,0.4720726287825739,0,1
0.5333361388257458,0.4666638611742544,0,1
0.5424103389015469,0.457589661098453,0,1
0.5167597476602751,0.48324025233972495,0,1
0.5175912445754014,0.4824087554245986,0,1
0.5170064263287663,0.48299357367123374,0,1
0.5619401330188555,0.4380598669811445,0,1
0.5283350371497956,0.47166496285020454,0,1
0.5630029515998302,0.43699704840016995,0,1
0.5671614876935477,0.4328385123064523,0,1
0.5204522352121663,0.47954776478783373,0,1
0.521086750633982,0.47891324936601787,0,1
0.5172477199483224,0.48275228005167764,0,1
0.5652406098305063,0.4347593901694938,0,1
0.5167054029525581,0.4832945970474421,0,1
0.5575450901052126,0.44245490989478764,0,1
0.5673798977997173,0.43262010220028285,0,1
0.5622285318980654,0.4377714681019346,0,1
0.5298210332338357,0.4701789667661645,0,1
0.5224065487283429,0.477593451271657,0,1
0.5216260728098855,0.47837392719011457,0,1
0.5220272570888328,0.47797274291116715,0,1
0.5193722162133371,0.480627783786663,0,1
0.518137519682018,0.48186248031798196,0,1
0.5202206495532397,0.47977935044676057,0,1
0.5239832763249882,0.47601672367501174,0,1
0.5166604175064883,0.48333958249351183,0,1
0.5208884020915625,0.4791115979084375,0,1
0.5350174211880002,0.4649825788119997,0,1
0.5276973491157214,0.4723026508842786,0,1
0.5215715685322175,0.4784284314677825,0,1
0.5228437896941545,0.47715621030584554,0,1
0.5317938464533217,0.46820615354667827,0,1
0.5240482514406468,0.47595174855935324,0,1
0.5357681948299158,0.46423180517008455,0,1
0.5179768038142161,0.48202319618578404,0,1
0.5684814624416887,0.4315185375583114,0,1
0.5532268117472124,0.44677318825278756,0,1
0.5635681772816119,0.4364318227183882,0,1
0.529049557330172,0.4709504426698281,0,1
0.5168295370536178,0.4831704629463822,0,1
0.5189912340793309,0.48100876592066916,0,1
0.5171529752718528,0.48284702472814717,0,1
0.5392158021511341,0.460784197848866,0,1
0.5689928592400026,0.4310071407599974,0,1
0.5168546266167199,0.4831453733832801,0,1
0.5167761481568668,0.4832238518431333,0,1
0.5267266997313359,0.4732733002686641,0,1
0.5168026480248776,0.48319735197512254,0,1
0.563647931565708,0.43635206843429203,0,1
0.5191173568463702,0.4808826431536299,0,1
0.5249873139505657,0.47501268604943425,0,1
0.5181554357012794,0.4818445642987207,0,1
0.5206109885624741,0.47938901143752594,0,1
0.5625752438268755,0.4374247561731245,0,1
0.5201560232263706,0.47984397677362967,0,1
0.5199702190857975,0.48002978091420256,0,1
0.5397512956559924,0.46024870434400766,0,1
0.5669254330922324,0.43307456690776763,0,1
0.5165645444502914,0.4834354555497087,0,1
0.5187020121856123,0.48129798781438765,0,1
0.5171832286056023,0.4828167713943977,0,1
0.5172342880083962,0.48276571199160384,0,1
0.5217179242187459,0.47828207578125415,0,1
0.5238294335244852,0.47617056647551487,0,1
0.5382733262520772,0.46172667374792276,0,1
0.5221591388253334,0.4778408611746666,0,1
0.5653782830885201,0.43462171691148,0,1
0.5310272298080648,0.46897277019193523,0,1
0.558699489919829,0.44130051008017107,0,1
0.5382767453618719,0.4617232546381282,0,1
0.5169699447113562,0.48303005528864396,0,1
0.5550445923574655,0.4449554076425345,0,1
0.5228935947227134,0.47710640527728665,0,1
0.5661525811483398,0.4338474188516604,0,1
0.5324435543113943,0.46755644568860566,0,1
0.5322812166329005,0.4677187833670995,0,1
0.5348009196451942,0.4651990803548059,0,1
0.5631400697797516,0.4368599302202483,0,1
0.5504619744145792,0.4495380255854208,0,1
0.5366222315449355,0.4633777684550647,0,1
0.5205619310917312,0.47943806890826896,0,1
0.5214751720108707,0.4785248279891293,0,1
0.5171537882257976,0.4828462117742025,0,1
0.523914996401148,0.47608500359885203,0,1
0.5316139399025029,0.46838606009749717,0,1
0.5241380853317379,0.47586191466826216,0,1
0.5220324589873159,0.4779675410126841,0,1
0.5184938773622008,0.48150612263779935,0,1
0.5179318023281342,0.4820681976718659,0,1
0.5661263421785377,0.43387365782146237,0,1
0.5684030189598971,0.43159698104010297,0,1
0.5216505722370255,0.47834942776297446,0,1
0.5624781545009437,0.4375218454990562,0,1
0.5287206572432203,0.4712793427567798,0,1
0.5659152428100351,0.43408475718996486,0,1
0.5167718495921529,0.48322815040784717,0,1
0.5224533512711268,0.4775466487288733,0,1
0.5167524443618446,0.48324755563815547,0,1
0.5703298523001156,0.42967014769988454,0,1
0.518424095434152,0.481575904565848,0,1
0.5495171863595152,0.45048281364048487,0,1
0.5231106685365324,0.4768893314634676,0,1
0.5203508512027721,0.47964914879722786,0,1
0.516890959818508,0.48310904018149214,0,1
0.5320058981831239,0.4679941018168762,0,1
0.5219504236533771,0.47804957634662293,0,1
0.5198759177321721,0.4801240822678278,0,1
0.5528271437563049,0.4471728562436951,0,1
0.5241807767487867,0.47581922325121334,0,1
0.5610264303280248,0.4389735696719753,0,1
0.5313946027381887,0.4686053972618113,0,1
0.5338158329817159,0.46618416701828425,0,1
0.5165535869186696,0.4834464130813304,0,1
0.5706188654186675,0.42938113458133265,0,1
0.5168093991514076,0.4831906008485926,0,1
0.5359143776503421,0.46408562234965794,0,1
0.5615416123334466,0.4384583876665535,0,1
0.5516798299798242,0.4483201700201757,0,1
0.5423289062509393,0.4576710937490606,0,1
0.5169573323380796,0.4830426676619203,0,1
0.5624137557267789,0.43758624427322124,0,1
0.5276869515247276,0.47231304847527245,0,1
0.5238705482347961,0.47612945176520405,0,1
0.5192484086141226,0.4807515913858775,0,1
0.5291385543015488,0.47086144569845123,0,1
0.5188422038561282,0.481157796143872,0,1
0.5258369672747182,0.4741630327252819,0,1
0.5168823323428224,0.48311766765717756,0,1
0.5170042580544564,0.4829957419455437,0,1
0.5167584815217574,0.48324151847824265,0,1
0.5597882004380726,0.4402117995619274,0,1
0.517519014774411,0.4824809852255892,0,1
0.5616034104383808,0.4383965895616193,0,1
0.5494658755532976,0.45053412444670243,0,1
0.543752160305607,0.4562478396943931,0,1
0.5222859731493529,0.4777140268506473,0,1
0.5171133824448352,0.4828866175551649,0,1
0.5178179084845577,0.48218209151544233,0,1
0.5634105375444237,0.4365894624555763,0,1
0.5171845789502671,0.48281542104973296,0,1
0.5663908715535086,0.43360912844649147,0,1
0.5199755208457308,0.48002447915426916,0,1
0.5403344362037769,0.45966556379622314,0,1
0.5551177585760544,0.4448822414239456,0,1
0.56210650175166,0.43789349824834006,0,1
0.547685877902984,0.452314122097016,0,1
0.5208240325450125,0.4791759674549876,0,1
0.5172989565825149,0.4827010434174851,0,1
0.5167688375459988,0.4832311624540012,0,1
0.5169392877942414,0.4830607122057587,0,1
0.5295420909279819,0.4704579090720182,0,1
0.5167541701875107,0.4832458298124894,0,1
0.5452793954885246,0.45472060451147533,0,1
0.5667672953464793,0.4332327046535208,0,1
0.5391349076074523,0.46086509239254775,0,1
0.56091905440682,0.43908094559318,0,1
0.5180275748385391,0.481972425161461,0,1
0.5350167599696628,0.4649832400303372,0,1
0.5161738506744993,0.4838261493255009,0,1
0.5225619154113096,0.4774380845886905,0,1
0.519253692543705,0.480746307456295,0,1
0.5447478455090129,0.4552521544909871,0,1
0.5165046360139114,0.48349536398608867,0,1
0.5611788363815449,0.4388211636184553,0,1
0.5613518549118669,0.43864814508813305,0,1
0.5180163338108562,0.48198366618914396,0,1
0.5163964075454689,0.4836035924545311,0,1
0.5320769368625601,0.46792306313744,0,1
0.5173385880589556,0.4826614119410445,0,1
0.5648620902653981,0.4351379097346019,0,1
0.5185650961062822,0.48143490389371785,0,1
0.5719394878695012,0.42806051213049895,0,1
0.5692919375899451,0.4307080624100548,0,1
0.5239304080387411,0.47606959196125886,0,1
0.573357993327029,0.4266420066729709,0,1
0.5289219200755547,0.47107807992444545,0,1
0.5176117586755823,0.4823882413244178,0,1
0.5184170210759795,0.4815829789240205,0,1
0.5226238390758113,0.47737616092418866,0,1
0.5478100686816597,0.4521899313183403,0,1
0.5179465040332012,0.4820534959667989,0,1
0.5641415574177541,0.4358584425822461,0,1
0.5311289303348624,0.4688710696651377,0,1
0.522094618605813,0.47790538139418703,0,1
0.5214660925277235,0.47853390747227664,0,1
0.5189540301005666,0.4810459698994334,0,1
0.5378416083203904,0.46215839167960954,0,1
0.5270344322355291,0.4729655677644709,0,1
0.5266575540993741,0.4733424459006259,0,1
0.5658769719494603,0.4341230280505397,0,1
0.5193181388386768,0.48068186116132317,0,1
0.541708331509823,0.45829166849017705,0,1
0.5289147700975929,0.47108522990240703,0,1
0.5286923812921374,0.47130761870786275,0,1
0.5285846031176336,0.47141539688236644,0,1
0.5455437015905433,0.45445629840945684,0,1
0.5657826284767666,0.4342173715232334,0,1
0.5638352727373847,0.43616472726261546,0,1
0.5188812475268638,0.4811187524731362,0,1
0.5165668239250347,0.48343317607496517,0,1
0.5395994295407174,0.4604005704592826,0,1
0.5166525449884112,0.48334745501158904,0,1
0.5399802952867014,0.4600197047132987,0,1
0.5170726127929783,0.4829273872070218,0,1
0.5239431173547582,0.47605688264524193,0,1
0.5162028228504827,0.4837971771495175,0,1
0.5168530144118352,0.48314698558816493,0,1
0.5167287548732474,0.4832712451267527,0,1
0.5172624903412779,0.48273750965872214,0,1
0.5339779549998397,0.4660220450001604,0,1
0.5657607275896249,0.4342392724103753,0,1
0.5167303366919647,0.48326966330803545,0,1
0.5319125754733196,0.46808742452668045,0,1
0.5168021157591598,0.48319788424084026,0,1
0.5428102423077986,0.4571897576922013,0,1
0.5588047019659946,0.4411952980340054,0,1
0.5168470496602062,0.4831529503397936,0,1
0.5397649657520073,0.4602350342479928,0,1
0.5173464864121462,0.48265351358785386,0,1
0.5303923960320956,0.46960760396790446,0,1
0.5179372267503244,0.4820627732496756,0,1
0.5697340375856215,0.43026596241437853,0,1
0.5526346968360849,0.44736530316391515,0,1
0.5177841098493199,0.4822158901506802,0,1
0.5166872858331467,0.48331271416685334,0,1
0.5747948380272558,0.42520516197274427,0,1
0.5187461702337357,0.4812538297662642,0,1
0.53258687306615,0.46741312693385,0,1
0.5654139505198126,0.43458604948018753,0,1
0.5301896055735834,0.4698103944264167,0,1
0.564787870048849,0.43521212995115083,0,1
0.5185992949663071,0.4814007050336932,0,1
0.5533927639992378,0.44660723600076235,0,1
0.5255662115185958,0.47443378848140416,0,1
0.5351888817726024,0.46481111822739773,0,1
0.524642942878233,0.4753570571217671,0,1
0.5187272633668198,0.4812727366331802,0,1
0.5197189487774121,0.48028105122258774,0,1
0.5222142335236117,0.4777857664763885,0,1
0.5401267154061525,0.4598732845938475,0,1
0.5184967715549583,0.4815032284450418,0,1
0.5554083415581109,0.44459165844188914,0,1
0.5192185570068341,0.48078144299316605,0,1
0.5169054519607663,0.48309454803923363,0,1
0.5452678441985229,0.4547321558014771,0,1
0.516187298765882,0.48381270123411807,0,1
0.5642121314810764,0.4357878685189237,0,1
0.5229065014407803,0.4770934985592198,0,1
0.5628358094478603,0.43716419055213984,0,1
0.5185286605032504,0.4814713394967494,0,1
0.5373794921778496,0.4626205078221505,0,1
0.5175274045059759,0.4824725954940241,0,1
0.5167119761859751,0.4832880238140249,0,1
0.5603450733790668,0.4396549266209333,0,1
0.5164585922281577,0.4835414077718424,0,1
0.5626703809421824,0.43732961905781775,0,1
0.5168907449315787,0.48310925506842134,0,1
0.5230054049605704,0.4769945950394298,0,1
0.5481313462723377,0.4518686537276623,0,1
0.5537863568836956,0.44621364311630446,0,1
0.5172191912416966,0.4827808087583034,0,1
0.5319717040303512,0.46802829596964873,0,1
0.5565921439912489,0.4434078560087511,0,1
0.5166643603505249,0.4833356396494751,0,1
0.5485477667299433,0.45145223327005674,0,1
0.516838595993919,0.48316140400608104,0,1
0.522042331439087,0.4779576685609132,0,1
0.5192106019013654,0.4807893980986348,0,1
0.5225428589913581,0.47745714100864195,0,1
0.5201559775089738,0.47984402249102626,0,1
0.5722786881082302,0.4277213118917698,0,1
0.5514223577396963,0.4485776422603038,0,1
0.5433363654607881,0.45666363453921194,0,1
0.5315084553248097,0.4684915446751902,0,1
0.5171059329499192,0.4828940670500808,0,1
0.5220086078357218,0.4779913921642782,0,1
0.5168322776566618,0.48316772234333816,0,1
0.5709119835108437,0.42908801648915623,0,1
0.5484208939134713,0.4515791060865288,0,1
0.5444466643288626,0.45555333567113737,0,1
0.5382976407846967,0.4617023592153034,0,1
0.5659115198070118,0.434088480192988,0,1
0.5714329889220903,0.42856701107790973,0,1
0.5171607031564488,0.4828392968435512,0,1
0.5191203672986888,0.4808796327013112,0,1
0.5166694280040899,0.48333057199591023,0,1
0.5680050297911237,0.43199497020887634,0,1
0.523193338337592,0.476806661662408,0,1
0.560577244584918,0.439422755415082,0,1
0.5569586813640633,0.4430413186359368,0,1
0.5172332506675033,0.48276674933249686,0,1
0.5637170998551735,0.43628290014482657,0,1
0.5300955523737353,0.4699044476262649,0,1
0.5700938049260978,0.42990619507390243,0,1
0.5196881644239808,0.4803118355760192,0,1
0.5179414188683469,0.48205858113165323,0,1
0.5170291616358906,0.4829708383641094,0,1
0.5167540189101736,0.4832459810898265,0,1
0.5622982336109711,0.43770176638902886,0,1
0.5168049359621888,0.48319506403781115,0,1
0.5296810149957812,0.4703189850042188,0,1
0.5296092780361092,0.47039072196389087,0,1
0.5441047232048676,0.4558952767951324,0,1
0.5169352047714202,0.4830647952285798,0,1
0.5179969044548355,0.4820030955451645,0,1
0.5326220098758547,0.4673779901241453,0,1
0.5701230842578668,0.4298769157421332,0,1
0.5225897238660696,0.4774102761339304,0,1
0.5352209948037016,0.46477900519629856,0,1
0.5584552824169888,0.4415447175830112,0,1
0.5185572388712497,0.48144276112875034,0,1
0.5167844289025979,0.4832155710974022,0,1
0.5246809692827209,0.47531903071727916,0,1
0.5248939286360069,0.47510607136399297,0,1
0.5166751857416275,0.48332481425837265,0,1
0.5195667169764726,0.48043328302352745,0,1
0.5164442477251182,0.4835557522748819,0,1
0.5429526659701543,0.4570473340298457,0,1
0.5181582369924459,0.4818417630075542,0,1
0.5637446833095627,0.4362553166904373,0,1
0.5200582466950986,0.47994175330490146,0,1
0.5637496710927337,0.43625032890726645,0,1
0.5666311636238489,0.4333688363761511,0,1
0.5171522281907661,0.48284777180923405,0,1
0.5168126801826511,0.48318731981734897,0,1
0.5318178257259135,0.4681821742740863,0,1
0.5404742263142186,0.4595257736857815,0,1
0.5440379363443988,0.4559620636556011,0,1
0.5449349208077705,0.4550650791922295,0,1
0.5627791794124931,0.43722082058750683,0,1
0.5167686600195831,0.48323133998041706,0,1
0.5342162330038992,0.46578376699610075,0,1
0.5684614528165427,0.4315385471834574,0,1
0.5603517715990105,0.4396482284009895,0,1
0.5280885424882018,0.47191145751179836,0,1
0.5304028782884056,0.46959712171159446,0,1
0.5181247924687112,0.4818752075312888,0,1
0.5362845485182567,0.46371545148174337,0,1
0.5324438232893673,0.4675561767106327,0,1
0.5162050546062162,0.4837949453937837,0,1
0.5306383840334093,0.4693616159665907,0,1
0.547568566620316,0.4524314333796841,0,1
0.516862424838801,0.48313757516119915,0,1
0.520780350785044,0.4792196492149559,0,1
0.5361977194495786,0.46380228055042133,0,1
0.5221401562353893,0.4778598437646106,0,1
0.5609858326152537,0.4390141673847464,0,1
0.5222017639000498,0.4777982360999501,0,1
0.5637771528357097,0.43622284716429044,0,1
0.5336095375007981,0.46639046249920185,0,1
0.5180823788740021,0.481917621125998,0,1
0.5164512699229166,0.4835487300770835,0,1
0.541960862606785,0.4580391373932151,0,1
0.5309284702871727,0.46907152971282734,0,1
0.5519265856958712,0.4480734143041289,0,1
0.5230867386600128,0.4769132613399873,0,1
0.5169948832665174,0.4830051167334827,0,1
0.5175294426417637,0.4824705573582363,0,1
0.5208613466262334,0.47913865337376654,0,1
0.5166681870836277,0.4833318129163723,0,1
0.5171380319225942,0.4828619680774057,0,1
0.5259606532899112,0.4740393467100886,0,1
0.5659285080876754,0.4340714919123246,0,1
0.5628115767680617,0.4371884232319383,0,1
0.5271780241726609,0.4728219758273394,0,1
0.5183137013853588,0.481686298614641,0,1
0.5651639032213555,0.4348360967786445,0,1
0.5201257035508978,0.4798742964491021,0,1
0.5164924532037195,0.4835075467962806,0,1
0.5688147819603886,0.43118521803961163,0,1
0.5582957510866078,0.4417042489133924,0,1
0.5696830700091358,0.4303169299908643,0,1
0.5219883326569239,0.47801166734307626,0,1
0.5167011679687721,0.483298832031228,0,1
0.5645113489324519,0.435488651067548,0,1
0.5253732640548002,0.4746267359451999,0,1
0.5179111480841959,0.4820888519158042,0,1
0.5527304575714741,0.44726954242852596,0,1
0.5236968034184305,0.4763031965815695,0,1
0.5674397646591566,0.43256023534084337,0,1
0.5593365791246141,0.44066342087538607,0,1
0.5226950797162877,0.4773049202837124,0,1
0.5172366260314728,0.4827633739685274,0,1
0.5315183439142769,0.4684816560857233,0,1
0.5633530290320706,0.4366469709679295,0,1
0.5218884181104727,0.47811158188952746,0,1
0.5201930872728762,0.47980691272712384,0,1
0.5195745334065979,0.4804254665934022,0,1
0.5592473847772663,0.4407526152227338,0,1
0.5247324999005083,0.4752675000994918,0,1
0.5661347875251388,0.4338652124748612,0,1
0.5326730638753631,0.467326936124637,0,1
0.5197805852010736,0.4802194147989263,0,1
0.5171690477828917,0.48283095221710837,0,1
0.5524868206346145,0.4475131793653855,0,1
0.5196912202594748,0.4803087797405251,0,1
0.5515655377327415,0.4484344622672585,0,1
0.5625049291180806,0.4374950708819194,0,1
0.5600718655135345,0.4399281344864655,0,1
0.5231781043997807,0.4768218956002194,0,1
0.5167236227107289,0.4832763772892712,0,1
0.5472207927328053,0.4527792072671947,0,1
0.5503258788479963,0.4496741211520039,0,1
0.5194702493410158,0.48052975065898423,0,1
0.5167337294447113,0.48326627055528876,0,1
0.5578434812426466,0.4421565187573534,0,1
0.5168367452042707,0.48316325479572947,0,1
0.5687074129113152,0.4312925870886849,0,1
0.5165775913647462,0.48342240863525376,0,1
0.5424378871843317,0.45756211281566833,0,1
0.5165418106656166,0.4834581893343835,0,1
0.5326552399721642,0.46734476002783576,0,1
0.5623047731402948,0.43769522685970536,0,1
0.5177584953031712,0.48224150469682886,0,1
0.5314139798347006,0.4685860201652993,0,1
0.5238808400212063,0.47611915997879395,0,1
0.5354448239899262,0.4645551760100738,0,1
0.5723535004765468,0.42764649952345324,0,1
0.527344626653874,0.47265537334612606,0,1
0.5193627131128192,0.48063728688718077,0,1
0.5201604852563597,0.47983951474364034,0,1
0.5511320484476983,0.44886795155230186,0,1
0.5175212346297525,0.48247876537024753,0,1
0.5385563101402235,0.4614436898597766,0,1
0.518322871531159,0.4816771284688412,0,1
0.5176793357961346,0.48232066420386543,0,1
0.5358860826073165,0.4641139173926836,0,1
0.5387724442977262,0.46122755570227375,0,1
0.516938192517191,0.48306180748280925,0,1
0.5208678301100361,0.47913216988996393,0,1
0.5328312518346724,0.4671687481653276,0,1
0.5170018199057581,0.482998180094242,0,1
0.5286434519379968,0.47135654806200317,0,1
0.5684770350694284,0.43152296493057163,0,1
0.5334716176866836,0.46652838231331634,0,1
0.526922574588421,0.47307742541157904,0,1
0.5172137364069489,0.48278626359305116,0,1
0.5659136323803946,0.43408636761960534,0,1
0.5186084271772601,0.48139157282274,0,1
0.5190219092204991,0.48097809077950104,0,1
0.5184218300929861,0.481578169907014,0,1
0.5305436317193986,0.4694563682806015,0,1
0.5168882527396164,0.48311174726038353,0,1
0.5168464903043178,0.48315350969568205,0,1
0.530523950136099,0.469476049863901,0,1
0.5352392176406172,0.4647607823593828,0,1
0.5303724841037568,0.4696275158962431,0,1
0.5217134476154663,0.47828655238453377,0,1
0.5216501196894523,0.47834988031054776,0,1
0.5166771807419895,0.4833228192580105,0,1
0.5600186707665027,0.4399813292334973,0,1
0.5591774898263383,0.44082251017366175,0,1
0.5176624262760732,0.4823375737239269,0,1
0.5225900024933402,0.4774099975066598,0,1
0.5172211503379054,0.48277884966209467,0,1
0.5176701347028937,0.48232986529710636,0,1
0.5166765541651487,0.4833234458348515,0,1
0.5351099482561178,0.4648900517438823,0,1
0.5577846943439042,0.4422153056560959,0,1
0.5186449667578811,0.4813550332421189,0,1
0.5166257585510889,0.48337424144891106,0,1
0.5171602630616967,0.48283973693830334,0,1
0.5463924846720095,0.45360751532799043,0,1
0.5471543372688726,0.4528456627311275,0,1
0.5168822246832521,0.4831177753167479,0,1
0.5298562346895689,0.47014376531043134,0,1
0.5370401793231789,0.462959820676821,0,1
0.5259495107271218,0.4740504892728781,0,1
0.5170955445711675,0.4829044554288326,0,1
0.5637617923520825,0.43623820764791765,0,1
0.5169636461433957,0.48303635385660426,0,1
0.5220336556538199,0.47796634434618024,0,1
0.5474920856383974,0.4525079143616027,0,1
0.5362524780255687,0.46374752197443136,0,1
0.5672634831094168,0.4327365168905831,0,1
0.5189778764687824,0.4810221235312177,0,1
0.5168662449142684,0.4831337550857316,0,1
0.5238604322052473,0.47613956779475275,0,1
0.5653135996255719,0.4346864003744282,0,1
0.5249905002455044,0.4750094997544955,0,1
0.5654293056615117,0.4345706943384884,0,1
0.5248260876866998,0.4751739123133003,0,1
0.5309221261871964,0.46907787381280375,0,1
0.5371865808770085,0.4628134191229916,0,1
0.5710457377792858,0.4289542622207142,0,1
0.5694421612139865,0.43055783878601356,0,1
0.5647013183356692,0.43529868166433083,0,1
0.5170683295260315,0.48293167047396846,0,1
0.5456757514978197,0.4543242485021803,0,1
0.5641658964135008,0.4358341035864994,0,1
0.5590687831893606,0.44093121681063946,0,1
0.5589658396954602,0.44103416030453974,0,1
0.5521996731553116,0.4478003268446885,0,1
0.5166044179132075,0.4833955820867927,0,1
0.5295704044226915,0.4704295955773086,0,1
0.5167084368559601,0.48329156314403987,0,1
0.5583599186176612,0.44164008138233884,0,1
0.5601365241340153,0.43986347586598473,0,1
0.5286823704111172,0.4713176295888829,0,1
0.534429061574042,0.465570938425958,0,1
0.51641340533421,0.48358659466579007,0,1
0.5275150808436272,0.47248491915637286,0,1
0.5179502858838949,0.4820497141161051,0,1
0.5305664533468183,0.4694335466531818,0,1
0.5330814843283669,0.4669185156716333,0,1
0.5199960891219156,0.4800039108780843,0,1
0.5217974916012751,0.47820250839872497,0,1
0.5274290848000275,0.4725709151999725,0,1
0.5316857474722498,0.4683142525277502,0,1
0.5635005659461275,0.4364994340538725,0,1
0.5185143866857698,0.4814856133142304,0,1
0.5666402579371742,0.43335974206282574,0,1
0.5219408591532753,0.4780591408467248,0,1
0.5172720079619866,0.4827279920380134,0,1
0.5181281710292779,0.4818718289707221,0,1
0.5168453763171051,0.4831546236828949,0,1
0.530805177259834,0.46919482274016594,0,1
0.5559176434966858,0.4440823565033143,0,1
0.5637399866727975,0.43626001332720254,0,1
0.516992342175294,0.4830076578247061,0,1
0.5321286094855033,0.4678713905144966,0,1
0.5229875568815648,0.47701244311843527,0,1
0.5197322165790862,0.480267783420914,0,1
0.56876368131899,0.43123631868101014,0,1
0.5189783201657474,0.4810216798342527,0,1
0.5335141808832108,0.4664858191167893,0,1
0.5186518410264233,0.48134815897357675,0,1
0.5291357715444053,0.4708642284555947,0,1
0.5611655537882905,0.4388344462117096,0,1
0.5385652378599729,0.4614347621400272,0,1
0.5658446495074735,0.43415535049252646,0,1
0.561171231759706,0.438828768240294,0,1
0.517728972620512,0.482271027379488,0,1
0.5196731997711781,0.48032680022882196,0,1
0.5745810391666581,0.425418960833342,0,1
0.5648962434988433,0.4351037565011567,0,1
0.5651951630280614,0.43480483697193867,0,1
0.5529357118257119,0.4470642881742882,0,1
0.5169170618260557,0.4830829381739443,0,1
0.5185430675381301,0.4814569324618699,0,1
0.5182628164251047,0.48173718357489537,0,1
0.5168503106937534,0.4831496893062466,0,1
0.5678332513884806,0.43216674861151927,0,1
0.5161992931110946,0.4838007068889053,0,1
0.5305408076773669,0.46945919232263317,0,1
0.5162653891994221,0.483734610800578,0,1
0.5501025815314016,0.44989741846859843,0,1
0.5189452552134521,0.48105474478654797,0,1
0.5241970502679676,0.4758029497320324,0,1
0.5187429364665431,0.48125706353345693,0,1
0.5179958976580681,0.4820041023419318,0,1
0.5223105263608553,0.4776894736391449,0,1
0.5166456016086617,0.48335439839133826,0,1
0.5196444112767669,0.48035558872323325,0,1
0.5182823904599475,0.4817176095400526,0,1
0.5166660720166608,0.4833339279833393,0,1
0.5589178368400052,0.44108216315999477,0,1
0.5219591176212715,0.4780408823787286,0,1
0.5232091869190654,0.47679081308093463,0,1
0.5193853702263558,0.48061462977364405,0,1
0.526361117679057,0.47363888232094303,0,1
0.5641026820392833,0.43589731796071696,0,1
0.5170392755278154,0.4829607244721847,0,1
0.5191935534903311,0.48080644650966897,0,1
0.5337360691548088,0.4662639308451911,0,1
0.5636709296795848,0.43632907032041524,0,1
0.5164689675964067,0.48353103240359346,0,1
0.5201182928229683,0.47988170717703177,0,1
0.5175633555721239,0.4824366444278762,0,1
0.5232414213818883,0.47675857861811166,0,1
0.5211107263412967,0.47888927365870326,0,1
0.520114349149088,0.47988565085091206,0,1
0.5167908265579472,0.48320917344205283,0,1
0.5184594097692454,0.4815405902307546,0,1
0.5248019557505922,0.475198044249408,0,1
0.5167550083722372,0.4832449916277629,0,1
0.5304355056302836,0.46956449436971626,0,1
0.528458582615761,0.47154141738423916,0,1
0.5192181843931797,0.4807818156068205,0,1
0.518203089497933,0.48179691050206697,0,1
0.5572998313504046,0.4427001686495953,0,1
0.5697897904717532,0.43021020952824673,0,1
0.5390472450863608,0.46095275491363924,0,1
0.5589959076820876,0.4410040923179125,0,1
0.5189435627307346,0.4810564372692654,0,1
0.5450585526705414,0.45494144732945857,0,1
0.575190472377112,0.42480952762288804,0,1
0.5282710575877112,0.4717289424122889,0,1
0.5166704249448193,0.48332957505518065,0,1
0.5207068488724602,0.4792931511275398,0,1
0.5191470425792063,0.48085295742079376,0,1
0.520254900144599,0.47974509985540126,0,1
0.5682819779559816,0.43171802204401843,0,1
0.5187643323570417,0.4812356676429585,0,1
0.5183121307206516,0.4816878692793483,0,1
0.5658943898774503,0.43410561012254967,0,1
0.5261060785688162,0.4738939214311837,0,1
0.5181811217269832,0.481818878273017,0,1
0.5167372791020148,0.4832627208979853,0,1
0.52060469215492,0.47939530784508,0,1
0.5615436797906278,0.4384563202093723,0,1
0.5183392479400675,0.48166075205993264,0,1
0.5166545611040491,0.4833454388959509,0,1
0.5375153329397704,0.46248466706022967,0,1
0.5425403916305559,0.45745960836944427,0,1
0.5552880616482999,0.44471193835170014,0,1
0.5174033887950374,0.4825966112049627,0,1
0.5673974090382415,0.4326025909617586,0,1
0.561427537016111,0.438572462983889,0,1
0.5178776201461149,0.48212237985388506,0,1
0.5217002670387779,0.4782997329612223,0,1
0.5209354790523664,0.4790645209476337,0,1
0.5171419412155033,0.4828580587844968,0,1
0.5182168869998854,0.48178311300011467,0,1
0.5392552753352475,0.4607447246647524,0,1
0.5503325448089418,0.44966745519105833,0,1
0.5457032600094099,0.45429673999059006,0,1
0.5172636777007802,0.4827363222992198,0,1
0.528636451602145,0.47136354839785494,0,1
0.5635659949831439,0.4364340050168562,0,1
0.5247045736676846,0.4752954263323154,0,1
0.517138983924275,0.48286101607572496,0,1
0.5167638136762459,0.48323618632375426,0,1
0.5371396316658485,0.4628603683341515,0,1
0.5183696038532122,0.4816303961467879,0,1
0.5226326789558128,0.47736732104418717,0,1
0.5635844876350395,0.4364155123649607,0,1
0.5714985118752218,0.42850148812477834,0,1
0.5616317782327898,0.43836822176721035,0,1
0.5186905222392548,0.4813094777607451,0,1
0.521131516456524,0.4788684835434761,0,1
0.5237122946817286,0.47628770531827136,0,1
0.5295037366498163,0.4704962633501837,0,1
0.5273499804802887,0.47265001951971136,0,1
0.5172035243958768,0.4827964756041233,0,1
0.5648382706760057,0.4351617293239944,0,1
0.520910037648984,0.479089962351016,0,1
0.5624865005540653,0.43751349944593465,0,1
0.5713359771400639,0.42866402285993616,0,1
0.5316950042735986,0.4683049957264015,0,1
0.5269034094635429,0.4730965905364574,0,1
0.5165637144957443,0.48343628550425566,0,1
0.5176928939928067,0.4823071060071934,0,1
0.5304219100360967,0.46957808996390327,0,1
0.5239540433371208,0.47604595666287924,0,1
0.5197267636352689,0.48027323636473107,0,1
0.522869153180574,0.4771308468194259,0,1
0.5687760072248786,0.4312239927751214,0,1
0.5424199336620484,0.45758006633795145,0,1
0.5203885456229026,0.47961145437709746,0,1
0.5203423165351729,0.479657683464827,0,1
0.5183110886280382,0.48168891137196174,0,1
0.5167703979907644,0.4832296020092356,0,1
0.5591401991510384,0.4408598008489617,0,1
0.543888259840943,0.4561117401590569,0,1
0.5169186835109366,0.4830813164890634,0,1
0.5183773556435726,0.4816226443564273,0,1
0.5563961849110178,0.44360381508898217,0,1
0.5288385543921286,0.4711614456078715,0,1
0.5215125024595864,0.4784874975404136,0,1
0.5189782770034165,0.4810217229965837,0,1
0.5184090923079038,0.4815909076920963,0,1
0.5595144497393325,0.4404855502606675,0,1
0.5175310765435651,0.4824689234564348,0,1
0.5622105669478251,0.43778943305217494,0,1
0.5529958022052596,0.4470041977947404,0,1
0.5221399367428724,0.4778600632571276,0,1
0.5168406675359933,0.4831593324640069,0,1
0.5541573070951863,0.4458426929048138,0,1
0.5534536032913755,0.44654639670862456,0,1
0.5186950958989663,0.4813049041010337,0,1
0.5167276726742372,0.4832723273257627,0,1
